name,type,isin,distribution_policy,yahoo_ticker,yahoo_exchange,yahoo_source_url,ordinary_tax_principle,ordinary_income_type,ask_eligible,tax_basis,tax_source_url,classification_as_of
Amundi Core MSCI Europe UCITS ETF Acc,ETF,LU1437015735,Akkumulerende,CEU2.L,LSE,https://finance.yahoo.com/quote/CEU2.L/,lager,aktieindkomst,yes,ABIS 2026,https://skat.dk/media/euzdrcqh/august-2026-abis-liste-2021-2026.xlsx,2026-08-28
Amundi Core STOXX Europe 600 UCITS ETF Acc,ETF,LU0908500753,Akkumulerende,MEUD.PA,PAR,https://finance.yahoo.com/quote/MEUD.PA/,lager,aktieindkomst,yes,ABIS 2026,https://skat.dk/media/euzdrcqh/august-2026-abis-liste-2021-2026.xlsx,2026-08-28
Amundi DAX III UCITS ETF Acc,ETF,LU0252633754,Akkumulerende,LYY7.DE,GER,https://finance.yahoo.com/quote/LYY7.DE/,lager,aktieindkomst,yes,ABIS 2026,https://skat.dk/media/euzdrcqh/august-2026-abis-liste-2021-2026.xlsx,2026-08-28
Amundi EURO STOXX 50 UCITS ETF DR - EUR (C),ETF,LU1681047236,Akkumulerende,C50.PA,PAR,https://finance.yahoo.com/quote/C50.PA/,lager,aktieindkomst,yes,ABIS 2026,https://skat.dk/media/euzdrcqh/august-2026-abis-liste-2021-2026.xlsx,2026-08-28
Amundi Euro Stoxx Banks UCITS ETF Acc,ETF,LU1829219390,Akkumulerende,BNKE.PA,PAR,https://finance.yahoo.com/quote/BNKE.PA/,lager,aktieindkomst,yes,ABIS 2026,https://skat.dk/media/euzdrcqh/august-2026-abis-liste-2021-2026.xlsx,2026-08-28
Amundi Global Bioenergy UCITS ETF EUR Acc,ETF,LU1681046006,Akkumulerende,CWE.PA,PAR,https://finance.yahoo.com/quote/CWE.PA/,lager,aktieindkomst,yes,ABIS 2026,https://skat.dk/media/euzdrcqh/august-2026-abis-liste-2021-2026.xlsx,2026-08-28
Amundi Global Equity Quality Income UCITS ETF Dist,ETF,LU0832436512,Distribuerende,SGQI.PA,PAR,https://finance.yahoo.com/quote/SGQI.PA/,lager,aktieindkomst,yes,ABIS 2026,https://skat.dk/media/euzdrcqh/august-2026-abis-liste-2021-2026.xlsx,2026-08-28
Amundi Global Gender Equality UCITS ETF Acc,ETF,LU1691909508,Akkumulerende,ELLE.L,LSE,https://finance.yahoo.com/quote/ELLE.L/,lager,aktieindkomst,yes,ABIS 2026,https://skat.dk/media/euzdrcqh/august-2026-abis-liste-2021-2026.xlsx,2026-08-28
Amundi Global Memory Chips UCITS ETF Acc,ETF,LU2023678282,Akkumulerende,UNIC.L,LSE,https://finance.yahoo.com/quote/UNIC.L/,lager,aktieindkomst,yes,ABIS 2026,https://skat.dk/media/euzdrcqh/august-2026-abis-liste-2021-2026.xlsx,2026-08-28
Amundi Japan Topix II Ucits ETF,ETF,FR0010245514,Distribuerende,JPN.PA,PAR,https://finance.yahoo.com/quote/JPN.PA/,lager,aktieindkomst,yes,ABIS 2026,https://skat.dk/media/euzdrcqh/august-2026-abis-liste-2021-2026.xlsx,2026-08-28
Amundi Japan TOPIX II UCITS ETF EUR Hedged Dist,ETF,FR0011475078,Distribuerende,JPNH.PA,PAR,https://finance.yahoo.com/quote/JPNH.PA/,lager,aktieindkomst,yes,ABIS 2026,https://skat.dk/media/euzdrcqh/august-2026-abis-liste-2021-2026.xlsx,2026-08-28
Amundi MDAX UCITS ETF Dist,ETF,FR0011857234,Akkumulerende,MD4X.DE,GER,https://finance.yahoo.com/quote/MD4X.DE/,lager,aktieindkomst,yes,ABIS 2026,https://skat.dk/media/euzdrcqh/august-2026-abis-liste-2021-2026.xlsx,2026-08-28
Amundi MSCI AC Asia Ex Japan UCITS ETF Acc,ETF,LU1900068161,Akkumulerende,APX.PA,PAR,https://finance.yahoo.com/quote/APX.PA/,lager,aktieindkomst,yes,ABIS 2026,https://skat.dk/media/euzdrcqh/august-2026-abis-liste-2021-2026.xlsx,2026-08-28
Amundi MSCI All Country World UCITS ETF EUR Acc,ETF,LU1829220216,Akkumulerende,ACWI.PA,PAR,https://finance.yahoo.com/quote/ACWI.PA/,lager,aktieindkomst,yes,ABIS 2026,https://skat.dk/media/euzdrcqh/august-2026-abis-liste-2021-2026.xlsx,2026-08-28
Amundi MSCI Brazil UCITS ETF Acc,ETF,LU1900066207,Akkumulerende,RIO.PA,PAR,https://finance.yahoo.com/quote/RIO.PA/,lager,aktieindkomst,yes,ABIS 2026,https://skat.dk/media/euzdrcqh/august-2026-abis-liste-2021-2026.xlsx,2026-08-28
Amundi MSCI China A UCITS ETF Acc,ETF,FR0011720911,Akkumulerende,CNAL.L,LSE,https://finance.yahoo.com/quote/CNAL.L/,lager,aktieindkomst,yes,ABIS 2026,https://skat.dk/media/euzdrcqh/august-2026-abis-liste-2021-2026.xlsx,2026-08-28
Amundi MSCI China ESG Leaders Extra UCITS ETF Acc,ETF,LU1900068914,Akkumulerende,ASI.PA,PAR,https://finance.yahoo.com/quote/ASI.PA/,lager,aktieindkomst,yes,ABIS 2026,https://skat.dk/media/euzdrcqh/august-2026-abis-liste-2021-2026.xlsx,2026-08-28
Amundi MSCI China ESG Leaders Extra UCITS ETF Dist,ETF,LU1900067940,Distribuerende,LHKG.DE,GER,https://finance.yahoo.com/quote/LHKG.DE/,lager,aktieindkomst,yes,ABIS 2026,https://skat.dk/media/euzdrcqh/august-2026-abis-liste-2021-2026.xlsx,2026-08-28
Amundi MSCI China UCITS ETF Acc,ETF,LU1841731745,Akkumulerende,LCCN.L,LSE,https://finance.yahoo.com/quote/LCCN.L/,lager,aktieindkomst,yes,ABIS 2026,https://skat.dk/media/euzdrcqh/august-2026-abis-liste-2021-2026.xlsx,2026-08-28
Amundi MSCI Digital Economy and Metaverse ESG Screened UCITS ETF Acc,ETF,LU2023678878,Akkumulerende,DIGE.L,LSE,https://finance.yahoo.com/quote/DIGE.L/,lager,aktieindkomst,yes,ABIS 2026,https://skat.dk/media/euzdrcqh/august-2026-abis-liste-2021-2026.xlsx,2026-08-28
Amundi MSCI EM Asia ESG Broad Transition UCITS ETF Acc,ETF,LU1781541849,Akkumulerende,LCAS.L,LSE,https://finance.yahoo.com/quote/LCAS.L/,lager,aktieindkomst,yes,ABIS 2026,https://skat.dk/media/euzdrcqh/august-2026-abis-liste-2021-2026.xlsx,2026-08-28
Amundi MSCI Em Asia UCITS ETF - EUR (C),ETF,LU1681044480,Akkumulerende,AASI.PA,PAR,https://finance.yahoo.com/quote/AASI.PA/,lager,aktieindkomst,yes,ABIS 2026,https://skat.dk/media/euzdrcqh/august-2026-abis-liste-2021-2026.xlsx,2026-08-28
Amundi MSCI EM Latin America UCITS ETF - EUR (C),ETF,LU1681045024,Akkumulerende,ALAT.PA,PAR,https://finance.yahoo.com/quote/ALAT.PA/,lager,aktieindkomst,yes,ABIS 2026,https://skat.dk/media/euzdrcqh/august-2026-abis-liste-2021-2026.xlsx,2026-08-28
Amundi MSCI Emerging Ex China UCITS ETF Acc,ETF,LU2009202107,Akkumulerende,EMXC.L,LSE,https://finance.yahoo.com/quote/EMXC.L/,lager,aktieindkomst,yes,ABIS 2026,https://skat.dk/media/euzdrcqh/august-2026-abis-liste-2021-2026.xlsx,2026-08-28
Amundi MSCI Emerging Markets III UCITS ETF EUR Acc,ETF,FR0010429068,Akkumulerende,LEM.PA,PAR,https://finance.yahoo.com/quote/LEM.PA/,lager,aktieindkomst,yes,ABIS 2026,https://skat.dk/media/euzdrcqh/august-2026-abis-liste-2021-2026.xlsx,2026-08-28
Amundi MSCI Emerging Markets SRI Climate Paris Aligned UCITS ETF DR (C),ETF,LU1861138961,Akkumulerende,MSRU.L,LSE,https://finance.yahoo.com/quote/MSRU.L/,lager,aktieindkomst,yes,ABIS 2026,https://skat.dk/media/euzdrcqh/august-2026-abis-liste-2021-2026.xlsx,2026-08-28
Amundi MSCI Emerging Markets UCITS ETF - EUR (C),ETF,LU1681045370,Akkumulerende,AEEM.PA,PAR,https://finance.yahoo.com/quote/AEEM.PA/,lager,aktieindkomst,yes,ABIS 2026,https://skat.dk/media/euzdrcqh/august-2026-abis-liste-2021-2026.xlsx,2026-08-28
Amundi MSCI EMU ESG Broad Transition UCITS ETF ACC,ETF,LU0908501058,Akkumulerende,LGQG.DE,GER,https://finance.yahoo.com/quote/LGQG.DE/,lager,aktieindkomst,yes,ABIS 2026,https://skat.dk/media/euzdrcqh/august-2026-abis-liste-2021-2026.xlsx,2026-08-28
Amundi MSCI EMU Small Cap ESG CTB Net Zero Ambition - UCITS ETF Dist,ETF,LU1598689153,Distribuerende,MMS.MI,MIL,https://finance.yahoo.com/quote/MMS.MI/,lager,aktieindkomst,yes,ABIS 2026,https://skat.dk/media/euzdrcqh/august-2026-abis-liste-2021-2026.xlsx,2026-08-28
Amundi MSCI EMU UCITS ETF Dist,ETF,LU1646360971,Distribuerende,MFE.PA,PAR,https://finance.yahoo.com/quote/MFE.PA/,lager,aktieindkomst,yes,ABIS 2026,https://skat.dk/media/euzdrcqh/august-2026-abis-liste-2021-2026.xlsx,2026-08-28
Amundi MSCI EMU Value Factor UCITS ETF Dist,ETF,LU1598690169,Distribuerende,VAL.MI,MIL,https://finance.yahoo.com/quote/VAL.MI/,lager,aktieindkomst,yes,ABIS 2026,https://skat.dk/media/euzdrcqh/august-2026-abis-liste-2021-2026.xlsx,2026-08-28
Amundi MSCI Europe Climate Paris Aligned UCITS ETF Acc,ETF,LU2130768844,Akkumulerende,LWCE.PA,PAR,https://finance.yahoo.com/quote/LWCE.PA/,lager,aktieindkomst,yes,ABIS 2026,https://skat.dk/media/euzdrcqh/august-2026-abis-liste-2021-2026.xlsx,2026-08-28
Amundi MSCI Europe ESG Leaders UCITS ETF Acc,ETF,LU1940199711,Akkumulerende,ESGE.PA,PAR,https://finance.yahoo.com/quote/ESGE.PA/,lager,aktieindkomst,yes,ABIS 2026,https://skat.dk/media/euzdrcqh/august-2026-abis-liste-2021-2026.xlsx,2026-08-28
Amundi MSCI Europe II UCITS ETF Acc,ETF,FR0010261198,Akkumulerende,MEU.PA,PAR,https://finance.yahoo.com/quote/MEU.PA/,lager,aktieindkomst,yes,ABIS 2026,https://skat.dk/media/euzdrcqh/august-2026-abis-liste-2021-2026.xlsx,2026-08-28
Amundi MSCI Europe SRI Climate Paris Aligned UCITS ETF DR (C),ETF,LU1861137484,Akkumulerende,EUSRI.PA,PAR,https://finance.yahoo.com/quote/EUSRI.PA/,lager,aktieindkomst,yes,ABIS 2026,https://skat.dk/media/euzdrcqh/august-2026-abis-liste-2021-2026.xlsx,2026-08-28
Amundi MSCI Future Mobility ESG Screened UCITS ETF Acc,ETF,LU2023679090,Akkumulerende,MOBI.L,LSE,https://finance.yahoo.com/quote/MOBI.L/,lager,aktieindkomst,yes,ABIS 2026,https://skat.dk/media/euzdrcqh/august-2026-abis-liste-2021-2026.xlsx,2026-08-28
Amundi MSCI Greece UCITS ETF Dist,ETF,FR0010405431,Distribuerende,GRE.PA,PAR,https://finance.yahoo.com/quote/GRE.PA/,lager,aktieindkomst,yes,ABIS 2026,https://skat.dk/media/euzdrcqh/august-2026-abis-liste-2021-2026.xlsx,2026-08-28
Amundi MSCI India II UCITS ETF EUR Acc,ETF,FR0010361683,Akkumulerende,INR.PA,PAR,https://finance.yahoo.com/quote/INR.PA/,lager,aktieindkomst,yes,ABIS 2026,https://skat.dk/media/euzdrcqh/august-2026-abis-liste-2021-2026.xlsx,2026-08-28
Amundi MSCI Japan SRI Climate Paris Aligned UCITS ETF DR (C),ETF,LU2233156749,Akkumulerende,JPXY.AS,AMS,https://finance.yahoo.com/quote/JPXY.AS/,lager,aktieindkomst,yes,ABIS 2026,https://skat.dk/media/euzdrcqh/august-2026-abis-liste-2021-2026.xlsx,2026-08-28
Amundi MSCI Japan UCITS ETF Acc,ETF,LU1781541252,Akkumulerende,LCJP.AS,AMS,https://finance.yahoo.com/quote/LCJP.AS/,lager,aktieindkomst,yes,ABIS 2026,https://skat.dk/media/euzdrcqh/august-2026-abis-liste-2021-2026.xlsx,2026-08-28
Amundi MSCI Japan UCITS ETF EUR Hedged Dist,ETF,LU2133056387,Distribuerende,JNHD.DE,GER,https://finance.yahoo.com/quote/JNHD.DE/,lager,aktieindkomst,yes,ABIS 2026,https://skat.dk/media/euzdrcqh/august-2026-abis-liste-2021-2026.xlsx,2026-08-28
Amundi MSCI Korea UCITS ETF Acc,ETF,LU1900066975,Akkumulerende,KRW.PA,PAR,https://finance.yahoo.com/quote/KRW.PA/,lager,aktieindkomst,yes,ABIS 2026,https://skat.dk/media/euzdrcqh/august-2026-abis-liste-2021-2026.xlsx,2026-08-28
Amundi MSCI Millennials ESG Screened UCITS ETF - Acc,ETF,LU2023678449,Akkumulerende,GENY.L,LSE,https://finance.yahoo.com/quote/GENY.L/,lager,aktieindkomst,yes,ABIS 2026,https://skat.dk/media/euzdrcqh/august-2026-abis-liste-2021-2026.xlsx,2026-08-28
Amundi MSCI Robotics & AI UCITS ETF Acc,ETF,LU1861132840,Akkumulerende,GOAI.PA,PAR,https://finance.yahoo.com/quote/GOAI.PA/,lager,aktieindkomst,yes,ABIS 2026,https://skat.dk/media/euzdrcqh/august-2026-abis-liste-2021-2026.xlsx,2026-08-28
Amundi MSCI Turkey UCITS ETF Acc,ETF,LU1900067601,Akkumulerende,TUR.PA,PAR,https://finance.yahoo.com/quote/TUR.PA/,lager,aktieindkomst,yes,ABIS 2026,https://skat.dk/media/euzdrcqh/august-2026-abis-liste-2021-2026.xlsx,2026-08-28
Amundi MSCI USA ESG Broad Transition UCITS ETF Dist,ETF,IE000QQ8Z0D8,Distribuerende,LYYB.DE,GER,https://finance.yahoo.com/quote/LYYB.DE/,lager,aktieindkomst,yes,ABIS 2026,https://skat.dk/media/euzdrcqh/august-2026-abis-liste-2021-2026.xlsx,2026-08-28
Amundi MSCI USA ESG Leaders Extra UCITS ETF DR – USD (D),ETF,IE0008TKP6O7,Distribuerende,LESA.DE,GER,https://finance.yahoo.com/quote/LESA.DE/,lager,aktieindkomst,yes,ABIS 2026,https://skat.dk/media/euzdrcqh/august-2026-abis-liste-2021-2026.xlsx,2026-08-28
Amundi MSCI USA ESG Leaders UCITS ETF Acc,ETF,IE000PEAJOT0,Akkumulerende,SADU.PA,PAR,https://finance.yahoo.com/quote/SADU.PA/,lager,aktieindkomst,yes,ABIS 2026,https://skat.dk/media/euzdrcqh/august-2026-abis-liste-2021-2026.xlsx,2026-08-28
Amundi MSCI USA SRI Climate Paris Aligned UCITS ETF Acc,ETF,IE000R85HL30,Akkumulerende,WEBD.DE,GER,https://finance.yahoo.com/quote/WEBD.DE/,lager,aktieindkomst,yes,ABIS 2026,https://skat.dk/media/euzdrcqh/august-2026-abis-liste-2021-2026.xlsx,2026-08-28
Amundi MSCI USA UCITS ETF Acc,ETF,IE000FSN19U2,Akkumulerende,WEBL.DE,GER,https://finance.yahoo.com/quote/WEBL.DE/,lager,aktieindkomst,yes,ABIS 2026,https://skat.dk/media/euzdrcqh/august-2026-abis-liste-2021-2026.xlsx,2026-08-28
Amundi MSCI World Climate Paris Aligned UCITS ETF - Acc,ETF,IE000CL68Z69,Akkumulerende,PABX.DE,GER,https://finance.yahoo.com/quote/PABX.DE/,lager,aktieindkomst,yes,ABIS 2026,https://skat.dk/media/euzdrcqh/august-2026-abis-liste-2021-2026.xlsx,2026-08-28
Amundi MSCI World ESG Broad Transition UCITS ETF Acc,ETF,IE0001GSQ2O9,Akkumulerende,LWCR.DE,GER,https://finance.yahoo.com/quote/LWCR.DE/,lager,aktieindkomst,yes,ABIS 2026,https://skat.dk/media/euzdrcqh/august-2026-abis-liste-2021-2026.xlsx,2026-08-28
Amundi MSCI World ESG Leaders UCITS ETF Acc,ETF,IE00016PSX47,Akkumulerende,MWOR.DE,GER,https://finance.yahoo.com/quote/MWOR.DE/,lager,aktieindkomst,yes,ABIS 2026,https://skat.dk/media/euzdrcqh/august-2026-abis-liste-2021-2026.xlsx,2026-08-28
Amundi MSCI World Health Care UCITS ETF EUR Acc,ETF,LU0533033238,Akkumulerende,HLTW.MI,MIL,https://finance.yahoo.com/quote/HLTW.MI/,lager,aktieindkomst,yes,ABIS 2026,https://skat.dk/media/euzdrcqh/august-2026-abis-liste-2021-2026.xlsx,2026-08-28
Amundi MSCI World II UCITS ETF Dist,ETF,FR0010315770,Akkumulerende,WLD.PA,PAR,https://finance.yahoo.com/quote/WLD.PA/,lager,aktieindkomst,yes,ABIS 2026,https://skat.dk/media/euzdrcqh/august-2026-abis-liste-2021-2026.xlsx,2026-08-28
Amundi MSCI World Information Technology UCITS ETF EUR Acc,ETF,LU0533033667,Akkumulerende,TNOW.MI,MIL,https://finance.yahoo.com/quote/TNOW.MI/,lager,aktieindkomst,yes,ABIS 2026,https://skat.dk/media/euzdrcqh/august-2026-abis-liste-2021-2026.xlsx,2026-08-28
Amundi Nasdaq-100 Daily (-1x) Inverse UCITS ETF Acc,ETF,LU1327051279,Akkumulerende,DSP5.PA,PAR,https://finance.yahoo.com/quote/DSP5.PA/,lager,aktieindkomst,yes,ABIS 2026,https://skat.dk/media/euzdrcqh/august-2026-abis-liste-2021-2026.xlsx,2026-08-28
Amundi Nasdaq-100 II UCITS ETF Acc,ETF,LU1829221024,Akkumulerende,UST.PA,PAR,https://finance.yahoo.com/quote/UST.PA/,lager,aktieindkomst,yes,ABIS 2026,https://skat.dk/media/euzdrcqh/august-2026-abis-liste-2021-2026.xlsx,2026-08-28
Amundi NYSE Arca Gold BUGS UCITS ETF Dist,ETF,LU2611731824,Distribuerende,GLDU.AS,AMS,https://finance.yahoo.com/quote/GLDU.AS/,lager,aktieindkomst,yes,ABIS 2026,https://skat.dk/media/euzdrcqh/august-2026-abis-liste-2021-2026.xlsx,2026-08-28
Amundi Prime Europe UCITS ETF DR (C),ETF,LU2089238039,Akkumulerende,PRAE.DE,GER,https://finance.yahoo.com/quote/PRAE.DE/,lager,aktieindkomst,yes,ABIS 2026,https://skat.dk/media/euzdrcqh/august-2026-abis-liste-2021-2026.xlsx,2026-08-28
Amundi Prime Eurozone UCITS ETF DR (C),ETF,LU2089238112,Akkumulerende,PRAZ.DE,GER,https://finance.yahoo.com/quote/PRAZ.DE/,lager,aktieindkomst,yes,ABIS 2026,https://skat.dk/media/euzdrcqh/august-2026-abis-liste-2021-2026.xlsx,2026-08-28
Amundi Prime Japan UCITS ETF DR (C),ETF,LU2089238385,Akkumulerende,PRAJ.DE,GER,https://finance.yahoo.com/quote/PRAJ.DE/,lager,aktieindkomst,yes,ABIS 2026,https://skat.dk/media/euzdrcqh/august-2026-abis-liste-2021-2026.xlsx,2026-08-28
Amundi S&P 500 Climate Paris Aligned UCITS ETF Acc,ETF,IE000O5FBC47,Akkumulerende,CLMT.L,LSE,https://finance.yahoo.com/quote/CLMT.L/,lager,aktieindkomst,yes,ABIS 2026,https://skat.dk/media/euzdrcqh/august-2026-abis-liste-2021-2026.xlsx,2026-08-28
Amundi S&P 500 II UCITS ETF EUR Dist,ETF,LU0496786574,Distribuerende,LYPS.DE,GER,https://finance.yahoo.com/quote/LYPS.DE/,lager,aktieindkomst,yes,ABIS 2026,https://skat.dk/media/euzdrcqh/august-2026-abis-liste-2021-2026.xlsx,2026-08-28
Amundi S&P 500 II UCITS ETF EUR Hedged Dist,ETF,LU0959211243,Distribuerende,SPXH.MI,MIL,https://finance.yahoo.com/quote/SPXH.MI/,lager,aktieindkomst,yes,ABIS 2026,https://skat.dk/media/euzdrcqh/august-2026-abis-liste-2021-2026.xlsx,2026-08-28
Amundi S&P 500 Screened UCITS ETF - Acc,ETF,IE000KXCEXR3,Akkumulerende,S500.PA,PAR,https://finance.yahoo.com/quote/S500.PA/,lager,aktieindkomst,yes,ABIS 2026,https://skat.dk/media/euzdrcqh/august-2026-abis-liste-2021-2026.xlsx,2026-08-28
Amundi S&P Eurozone PAB Net Zero Ambition UCITS ETF Acc,ETF,LU2195226068,Akkumulerende,EPAB.PA,PAR,https://finance.yahoo.com/quote/EPAB.PA/,lager,aktieindkomst,yes,ABIS 2026,https://skat.dk/media/euzdrcqh/august-2026-abis-liste-2021-2026.xlsx,2026-08-28
Amundi S&P World Communication Services Screened UCITS ETF Acc,ETF,IE000EFHIFG3,Akkumulerende,WELX.DE,GER,https://finance.yahoo.com/quote/WELX.DE/,lager,aktieindkomst,yes,ABIS 2026,https://skat.dk/media/euzdrcqh/august-2026-abis-liste-2021-2026.xlsx,2026-08-28
Amundi S&P World Consumer Discretionary Screened UCITS ETF Acc,ETF,IE000NM0ALX6,Akkumulerende,WELJ.DE,GER,https://finance.yahoo.com/quote/WELJ.DE/,lager,aktieindkomst,yes,ABIS 2026,https://skat.dk/media/euzdrcqh/august-2026-abis-liste-2021-2026.xlsx,2026-08-28
Amundi S&P World Consumer Staples Screened UCITS ETF Acc,ETF,IE000ZIJ5B20,Akkumulerende,WELW.DE,GER,https://finance.yahoo.com/quote/WELW.DE/,lager,aktieindkomst,yes,ABIS 2026,https://skat.dk/media/euzdrcqh/august-2026-abis-liste-2021-2026.xlsx,2026-08-28
Amundi S&P World Energy Screened UCITS ETF Acc,ETF,IE000J0LN0R5,Akkumulerende,WELN.DE,GER,https://finance.yahoo.com/quote/WELN.DE/,lager,aktieindkomst,yes,ABIS 2026,https://skat.dk/media/euzdrcqh/august-2026-abis-liste-2021-2026.xlsx,2026-08-28
Amundi S&P World Industrials Screened UCITS ETF Acc,ETF,IE000LTA2082,Akkumulerende,WELH.DE,GER,https://finance.yahoo.com/quote/WELH.DE/,lager,aktieindkomst,yes,ABIS 2026,https://skat.dk/media/euzdrcqh/august-2026-abis-liste-2021-2026.xlsx,2026-08-28
Amundi S&P World Materials Screened UCITS ETF Acc,ETF,IE000FCGBU62,Akkumulerende,WELI.DE,GER,https://finance.yahoo.com/quote/WELI.DE/,lager,aktieindkomst,yes,ABIS 2026,https://skat.dk/media/euzdrcqh/august-2026-abis-liste-2021-2026.xlsx,2026-08-28
Amundi S&P World Utilities Screened UCITS ETF Acc,ETF,IE000PMX0MW6,Akkumulerende,WELD.DE,GER,https://finance.yahoo.com/quote/WELD.DE/,lager,aktieindkomst,yes,ABIS 2026,https://skat.dk/media/euzdrcqh/august-2026-abis-liste-2021-2026.xlsx,2026-08-28
Amundi STOXX Europe 600 Banks UCITS ETF Acc,ETF,LU1834983477,Akkumulerende,BNK.PA,PAR,https://finance.yahoo.com/quote/BNK.PA/,lager,aktieindkomst,yes,ABIS 2026,https://skat.dk/media/euzdrcqh/august-2026-abis-liste-2021-2026.xlsx,2026-08-28
Amundi STOXX Europe 600 Basic Resources UCITS ETF - Acc,ETF,LU1834983550,Akkumulerende,BRES.PA,PAR,https://finance.yahoo.com/quote/BRES.PA/,lager,aktieindkomst,yes,ABIS 2026,https://skat.dk/media/euzdrcqh/august-2026-abis-liste-2021-2026.xlsx,2026-08-28
Amundi STOXX Europe 600 Consumer Staples UCITS ETF Acc,ETF,LU1834985845,Akkumulerende,LFOD.DE,GER,https://finance.yahoo.com/quote/LFOD.DE/,lager,aktieindkomst,yes,ABIS 2026,https://skat.dk/media/euzdrcqh/august-2026-abis-liste-2021-2026.xlsx,2026-08-28
Amundi STOXX Europe 600 Energy ESG Screened UCITS ETF Acc,ETF,LU1834988278,Akkumulerende,ENRG.PA,PAR,https://finance.yahoo.com/quote/ENRG.PA/,lager,aktieindkomst,yes,ABIS 2026,https://skat.dk/media/euzdrcqh/august-2026-abis-liste-2021-2026.xlsx,2026-08-28
Amundi STOXX Europe 600 Healthcare UCITS ETF - Acc,ETF,LU1834986900,Akkumulerende,HLT.PA,PAR,https://finance.yahoo.com/quote/HLT.PA/,lager,aktieindkomst,yes,ABIS 2026,https://skat.dk/media/euzdrcqh/august-2026-abis-liste-2021-2026.xlsx,2026-08-28
Amundi STOXX Europe 600 Technology UCITS ETF Acc,ETF,LU1834988518,Akkumulerende,TNO.MI,MIL,https://finance.yahoo.com/quote/TNO.MI/,lager,aktieindkomst,yes,ABIS 2026,https://skat.dk/media/euzdrcqh/august-2026-abis-liste-2021-2026.xlsx,2026-08-28
Amundi STOXX Europe 600 Telecommunications UCITS ETF - Acc,ETF,LU1834988609,Akkumulerende,TELE.PA,PAR,https://finance.yahoo.com/quote/TELE.PA/,lager,aktieindkomst,yes,ABIS 2026,https://skat.dk/media/euzdrcqh/august-2026-abis-liste-2021-2026.xlsx,2026-08-28
Amundi Stoxx Europe 600 UCITS ETF EUR Hedged Dist,ETF,LU1574142243,Distribuerende,STXH.DE,GER,https://finance.yahoo.com/quote/STXH.DE/,lager,aktieindkomst,yes,ABIS 2026,https://skat.dk/media/euzdrcqh/august-2026-abis-liste-2021-2026.xlsx,2026-08-28
Amundi STOXX Europe 600 Utilities UCITS ETF Acc,ETF,LU1834988864,Akkumulerende,UTI.MI,MIL,https://finance.yahoo.com/quote/UTI.MI/,lager,aktieindkomst,yes,ABIS 2026,https://skat.dk/media/euzdrcqh/august-2026-abis-liste-2021-2026.xlsx,2026-08-28
Amundi STOXX Europe Defense UCITS ETF Acc,ETF,LU3038520774,Akkumulerende,DEFS.PA,PAR,https://finance.yahoo.com/quote/DEFS.PA/,lager,aktieindkomst,yes,ABIS 2026,https://skat.dk/media/euzdrcqh/august-2026-abis-liste-2021-2026.xlsx,2026-08-28
Amundi UK Equity All Cap UCITS ETF Dist,ETF,LU1781541096,Distribuerende,LCUK.L,LSE,https://finance.yahoo.com/quote/LCUK.L/,lager,aktieindkomst,yes,ABIS 2026,https://skat.dk/media/euzdrcqh/august-2026-abis-liste-2021-2026.xlsx,2026-08-28
Amundi US Tech 100 Equal Weight UCITS ETF DR - USD,ETF,IE000Y9MG996,Distribuerende,WEBA.DE,GER,https://finance.yahoo.com/quote/WEBA.DE/,lager,aktieindkomst,yes,ABIS 2026,https://skat.dk/media/euzdrcqh/august-2026-abis-liste-2021-2026.xlsx,2026-08-28
Boreas S&P Absolute Luxury UCITS ETF – USD (Acc),ETF,IE000LVB7GJ9,Akkumulerende,LUXX.DE,GER,https://finance.yahoo.com/quote/LUXX.DE/,lager,aktieindkomst,yes,ABIS 2026,https://skat.dk/media/euzdrcqh/august-2026-abis-liste-2021-2026.xlsx,2026-08-28
Defiance Memory UCITS ETF - Accumulating,ETF,IE000CEUZ052,Akkumulerende,DRAM.L,LSE,https://finance.yahoo.com/quote/DRAM.L/,lager,aktieindkomst,yes,ABIS 2026,https://skat.dk/media/euzdrcqh/august-2026-abis-liste-2021-2026.xlsx,2026-08-28
Fidelity Europe Equity Research Enhanced UCITS ETF - Acc,ETF,IE00BKSBGT50,Akkumulerende,FEUR.DE,GER,https://finance.yahoo.com/quote/FEUR.DE/,lager,aktieindkomst,yes,ABIS 2026,https://skat.dk/media/euzdrcqh/august-2026-abis-liste-2021-2026.xlsx,2026-08-28
Fidelity Europe Quality Income UCITS ETF ACC-EUR,ETF,IE00BYSX4283,Akkumulerende,FEUQ.DE,GER,https://finance.yahoo.com/quote/FEUQ.DE/,lager,aktieindkomst,yes,ABIS 2026,https://skat.dk/media/euzdrcqh/august-2026-abis-liste-2021-2026.xlsx,2026-08-28
Fidelity Europe Quality Income UCITS ETF INC-EUR,ETF,IE00BYSX4176,Distribuerende,FEUI.DE,GER,https://finance.yahoo.com/quote/FEUI.DE/,lager,aktieindkomst,yes,ABIS 2026,https://skat.dk/media/euzdrcqh/august-2026-abis-liste-2021-2026.xlsx,2026-08-28
Fidelity Global Equity Research Enhanced UCITS ETF - Acc,ETF,IE00BKSBGV72,Akkumulerende,FGLR.L,LSE,https://finance.yahoo.com/quote/FGLR.L/,lager,aktieindkomst,yes,ABIS 2026,https://skat.dk/media/euzdrcqh/august-2026-abis-liste-2021-2026.xlsx,2026-08-28
Fidelity US Equity Research Enhanced UCITS ETF - Acc,ETF,IE00BKSBGS44,Akkumulerende,FUSR.L,LSE,https://finance.yahoo.com/quote/FUSR.L/,lager,aktieindkomst,yes,ABIS 2026,https://skat.dk/media/euzdrcqh/august-2026-abis-liste-2021-2026.xlsx,2026-08-28
Fidelity US Quality Income UCITS ETF ACC-USD,ETF,IE00BYXVGY31,Akkumulerende,FUSA.L,LSE,https://finance.yahoo.com/quote/FUSA.L/,lager,aktieindkomst,yes,ABIS 2026,https://skat.dk/media/euzdrcqh/august-2026-abis-liste-2021-2026.xlsx,2026-08-28
Fidelity US Quality Income UCITS ETF INC-USD,ETF,IE00BYXVGX24,Distribuerende,FUSD.L,LSE,https://finance.yahoo.com/quote/FUSD.L/,lager,aktieindkomst,yes,ABIS 2026,https://skat.dk/media/euzdrcqh/august-2026-abis-liste-2021-2026.xlsx,2026-08-28
Gold Miners Screened UCITS ETF,ETF,IE00BNTVVR89,Akkumulerende,ESGO.L,LSE,https://finance.yahoo.com/quote/ESGO.L/,lager,aktieindkomst,yes,ABIS 2026,https://skat.dk/media/euzdrcqh/august-2026-abis-liste-2021-2026.xlsx,2026-08-28
HANetf Alerian Midstream Energy Dividend UCITS ETF - Dist,ETF,IE00BKPTXQ89,Distribuerende,MMLP.L,LSE,https://finance.yahoo.com/quote/MMLP.L/,lager,aktieindkomst,yes,ABIS 2026,https://skat.dk/media/euzdrcqh/august-2026-abis-liste-2021-2026.xlsx,2026-08-28
HANetf Defiance AI & Power Infrastructure UCITS ETF - Acc,ETF,IE000WUTBLT5,Akkumulerende,AIPO.MI,MIL,https://finance.yahoo.com/quote/AIPO.MI/,lager,aktieindkomst,yes,ABIS 2026,https://skat.dk/media/euzdrcqh/august-2026-abis-liste-2021-2026.xlsx,2026-08-28
HANetf Drone UCITS ETF - Acc,ETF,IE0003XW12I8,Akkumulerende,DRON.L,LSE,https://finance.yahoo.com/quote/DRON.L/,lager,aktieindkomst,yes,ABIS 2026,https://skat.dk/media/euzdrcqh/august-2026-abis-liste-2021-2026.xlsx,2026-08-28
HANetf EMQQ Emerging Markets Internet UCITS ETF - Acc,ETF,IE00BFYN8Y92,Akkumulerende,EMQQ.L,LSE,https://finance.yahoo.com/quote/EMQQ.L/,lager,aktieindkomst,yes,ABIS 2026,https://skat.dk/media/euzdrcqh/august-2026-abis-liste-2021-2026.xlsx,2026-08-28
HANetf Future of Defence UCITS ETF - Acc,ETF,IE000OJ5TQP4,Akkumulerende,ASWC.DE,GER,https://finance.yahoo.com/quote/ASWC.DE/,lager,aktieindkomst,yes,ABIS 2026,https://skat.dk/media/euzdrcqh/august-2026-abis-liste-2021-2026.xlsx,2026-08-28
HANetf Guinness Sustainable Energy UCITS ETF - Acc,ETF,IE00BNC1F287,Akkumulerende,CLMA.MI,MIL,https://finance.yahoo.com/quote/CLMA.MI/,lager,aktieindkomst,yes,ABIS 2026,https://skat.dk/media/euzdrcqh/august-2026-abis-liste-2021-2026.xlsx,2026-08-28
HANetf HAN-GINS Tech Megatrend Equal Weight UCITS ETF - Acc,ETF,IE00BDDRF700,Akkumulerende,ITEK.L,LSE,https://finance.yahoo.com/quote/ITEK.L/,lager,aktieindkomst,yes,ABIS 2026,https://skat.dk/media/euzdrcqh/august-2026-abis-liste-2021-2026.xlsx,2026-08-28
HANetf Harbor Health Care UCITS ETF - Acc,ETF,IE00BJQTJ848,Akkumulerende,WELL.L,LSE,https://finance.yahoo.com/quote/WELL.L/,lager,aktieindkomst,yes,ABIS 2026,https://skat.dk/media/euzdrcqh/august-2026-abis-liste-2021-2026.xlsx,2026-08-28
HANetf INQQ India Internet UCITS ETF - Acc,ETF,IE000WYTQSF9,Akkumulerende,INQQ.L,LSE,https://finance.yahoo.com/quote/INQQ.L/,lager,aktieindkomst,yes,ABIS 2026,https://skat.dk/media/euzdrcqh/august-2026-abis-liste-2021-2026.xlsx,2026-08-28
HANetf Lloyd Focused Equity UCITS ETF - Acc,ETF,IE000NYVK0R8,Akkumulerende,FEP.L,LSE,https://finance.yahoo.com/quote/FEP.L/,lager,aktieindkomst,yes,ABIS 2026,https://skat.dk/media/euzdrcqh/august-2026-abis-liste-2021-2026.xlsx,2026-08-28
HANetf Nuclear Renaissance UCITS ETF - Acc,ETF,IE0006WPPA00,Akkumulerende,NUKZ.L,LSE,https://finance.yahoo.com/quote/NUKZ.L/,lager,aktieindkomst,yes,ABIS 2026,https://skat.dk/media/euzdrcqh/august-2026-abis-liste-2021-2026.xlsx,2026-08-28
HANetf REX Tech Innovation Income & Growth UCITS ETF,ETF,IE000OBK3UE0,Distribuerende,ASWL.DE,GER,https://finance.yahoo.com/quote/ASWL.DE/,lager,aktieindkomst,yes,ABIS 2026,https://skat.dk/media/euzdrcqh/august-2026-abis-liste-2021-2026.xlsx,2026-08-28
HANetf REX Tech Innovation Premium Income UCITS ETF,ETF,IE000HF69TA9,Distribuerende,ASWK.DE,GER,https://finance.yahoo.com/quote/ASWK.DE/,lager,aktieindkomst,yes,ABIS 2026,https://skat.dk/media/euzdrcqh/august-2026-abis-liste-2021-2026.xlsx,2026-08-28
HANetf Saturna Al-Kawthar Global Focused Equity UCITS ETF - Acc,ETF,IE00BMYMHS24,Akkumulerende,AMAL.L,LSE,https://finance.yahoo.com/quote/AMAL.L/,lager,aktieindkomst,yes,ABIS 2026,https://skat.dk/media/euzdrcqh/august-2026-abis-liste-2021-2026.xlsx,2026-08-28
HANetf Sprott Junior Uranium Miners UCITS ETF - Acc,ETF,IE00075IVKF9,Akkumulerende,URNJ.L,LSE,https://finance.yahoo.com/quote/URNJ.L/,lager,aktieindkomst,yes,ABIS 2026,https://skat.dk/media/euzdrcqh/august-2026-abis-liste-2021-2026.xlsx,2026-08-28
HANetf Sprott Uranium Miners UCITS ETF - Acc,ETF,IE0005YK6564,Akkumulerende,URNM.L,LSE,https://finance.yahoo.com/quote/URNM.L/,lager,aktieindkomst,yes,ABIS 2026,https://skat.dk/media/euzdrcqh/august-2026-abis-liste-2021-2026.xlsx,2026-08-28
HANetf Ukraine Reconstruction UCITS ETF - Acc,ETF,IE000R8PO127,Akkumulerende,UKRN.DE,GER,https://finance.yahoo.com/quote/UKRN.DE/,lager,aktieindkomst,yes,ABIS 2026,https://skat.dk/media/euzdrcqh/august-2026-abis-liste-2021-2026.xlsx,2026-08-28
HANetf US Global Investors Travel UCITS ETF,ETF,IE00BMFNW783,Akkumulerende,TRYP.L,LSE,https://finance.yahoo.com/quote/TRYP.L/,lager,aktieindkomst,yes,ABIS 2026,https://skat.dk/media/euzdrcqh/august-2026-abis-liste-2021-2026.xlsx,2026-08-28
HANetf YieldMax Big Tech Option Income UCITS ETF,ETF,IE000MMRLY96,Distribuerende,YMAG.L,LSE,https://finance.yahoo.com/quote/YMAG.L/,lager,aktieindkomst,yes,ABIS 2026,https://skat.dk/media/euzdrcqh/august-2026-abis-liste-2021-2026.xlsx,2026-08-28
iShares Ageing Population UCITS ETF USD (Acc),ETF,IE00BYZK4669,Akkumulerende,AGED.L,LSE,https://finance.yahoo.com/quote/AGED.L/,lager,aktieindkomst,yes,ABIS 2026,https://skat.dk/media/euzdrcqh/august-2026-abis-liste-2021-2026.xlsx,2026-08-28
iShares Asia Pacific Dividend UCITS ETF USD (Dist),ETF,IE00B14X4T88,Distribuerende,IAPD.SW,EBS,https://finance.yahoo.com/quote/IAPD.SW/,lager,aktieindkomst,yes,ABIS 2026,https://skat.dk/media/euzdrcqh/august-2026-abis-liste-2021-2026.xlsx,2026-08-28
iShares ATX UCITS ETF (DE),ETF,DE000A0D8Q23,Distribuerende,EXXX.DE,GER,https://finance.yahoo.com/quote/EXXX.DE/,lager,aktieindkomst,yes,ABIS 2026,https://skat.dk/media/euzdrcqh/august-2026-abis-liste-2021-2026.xlsx,2026-08-28
iShares Automation & Robotics UCITS ETF USD (Acc),ETF,IE00BYZK4552,Akkumulerende,RBOT.L,LSE,https://finance.yahoo.com/quote/RBOT.L/,lager,aktieindkomst,yes,ABIS 2026,https://skat.dk/media/euzdrcqh/august-2026-abis-liste-2021-2026.xlsx,2026-08-28
iShares Automation & Robotics UCITS ETF USD (Dist),ETF,IE00BYWZ0333,Distribuerende,RBOD.L,LSE,https://finance.yahoo.com/quote/RBOD.L/,lager,aktieindkomst,yes,ABIS 2026,https://skat.dk/media/euzdrcqh/august-2026-abis-liste-2021-2026.xlsx,2026-08-28
iShares BIC 50 UCITS ETF USD (Dist),ETF,IE00B1W57M07,Distribuerende,IQQ9.DE,GER,https://finance.yahoo.com/quote/IQQ9.DE/,lager,aktieindkomst,yes,ABIS 2026,https://skat.dk/media/euzdrcqh/august-2026-abis-liste-2021-2026.xlsx,2026-08-28
iShares China Large Cap UCITS ETF USD (Dist),ETF,IE00B02KXK85,Distribuerende,FXC.SW,EBS,https://finance.yahoo.com/quote/FXC.SW/,lager,aktieindkomst,yes,ABIS 2026,https://skat.dk/media/euzdrcqh/august-2026-abis-liste-2021-2026.xlsx,2026-08-28
iShares Copper Miners UCITS ETF USD (Acc),ETF,IE00063FT9K6,Akkumulerende,COPM.AS,AMS,https://finance.yahoo.com/quote/COPM.AS/,lager,aktieindkomst,yes,ABIS 2026,https://skat.dk/media/euzdrcqh/august-2026-abis-liste-2021-2026.xlsx,2026-08-28
iShares Core DAX UCITS ETF (DE) EUR (Dist),ETF,DE000A2QP331,Distribuerende,EXIC.DE,GER,https://finance.yahoo.com/quote/EXIC.DE/,lager,aktieindkomst,yes,ABIS 2026,https://skat.dk/media/euzdrcqh/august-2026-abis-liste-2021-2026.xlsx,2026-08-28
iShares Core EURO STOXX 50 UCITS ETF EUR (Dist),ETF,IE0008471009,Distribuerende,EUEA.AS,AMS,https://finance.yahoo.com/quote/EUEA.AS/,lager,aktieindkomst,yes,ABIS 2026,https://skat.dk/media/euzdrcqh/august-2026-abis-liste-2021-2026.xlsx,2026-08-28
iShares Core FTSE 100 UCITS ETF EUR Hedged (Acc),ETF,IE000HARJEE2,Akkumulerende,CEB4.MU,MUN,https://finance.yahoo.com/quote/CEB4.MU/,lager,aktieindkomst,yes,ABIS 2026,https://skat.dk/media/euzdrcqh/august-2026-abis-liste-2021-2026.xlsx,2026-08-28
iShares Core FTSE 100 UCITS ETF GBP (Dist),ETF,IE0005042456,Distribuerende,ISF.L,LSE,https://finance.yahoo.com/quote/ISF.L/,lager,aktieindkomst,yes,ABIS 2026,https://skat.dk/media/euzdrcqh/august-2026-abis-liste-2021-2026.xlsx,2026-08-28
iShares Core MSCI EM IMI UCITS ETF USD (Acc),ETF,IE00BKM4GZ66,Akkumulerende,EIMI.L,LSE,https://finance.yahoo.com/quote/EIMI.L/,lager,aktieindkomst,yes,ABIS 2026,https://skat.dk/media/euzdrcqh/august-2026-abis-liste-2021-2026.xlsx,2026-08-28
iShares Core MSCI EM IMI UCITS ETF USD (Dist),ETF,IE00BD45KH83,Distribuerende,EIMU.L,LSE,https://finance.yahoo.com/quote/EIMU.L/,lager,aktieindkomst,yes,ABIS 2026,https://skat.dk/media/euzdrcqh/august-2026-abis-liste-2021-2026.xlsx,2026-08-28
iShares Core MSCI Europe UCITS ETF EUR (Acc),ETF,IE000MAO75G5,Akkumulerende,CEBZ.DE,GER,https://finance.yahoo.com/quote/CEBZ.DE/,lager,aktieindkomst,yes,ABIS 2026,https://skat.dk/media/euzdrcqh/august-2026-abis-liste-2021-2026.xlsx,2026-08-28
iShares Core MSCI Europe UCITS ETF EUR (Acc),ETF,IE00B4K48X80,Akkumulerende,IMAE.AS,AMS,https://finance.yahoo.com/quote/IMAE.AS/,lager,aktieindkomst,yes,ABIS 2026,https://skat.dk/media/euzdrcqh/august-2026-abis-liste-2021-2026.xlsx,2026-08-28
iShares Core MSCI Europe UCITS ETF EUR (Dist),ETF,IE00B1YZSC51,Distribuerende,IMEU.AS,AMS,https://finance.yahoo.com/quote/IMEU.AS/,lager,aktieindkomst,yes,ABIS 2026,https://skat.dk/media/euzdrcqh/august-2026-abis-liste-2021-2026.xlsx,2026-08-28
iShares Core MSCI Japan IMI UCITS ETF USD (Acc),ETF,IE00B4L5YX21,Akkumulerende,IJPA.L,LSE,https://finance.yahoo.com/quote/IJPA.L/,lager,aktieindkomst,yes,ABIS 2026,https://skat.dk/media/euzdrcqh/august-2026-abis-liste-2021-2026.xlsx,2026-08-28
iShares Core MSCI Pacific ex-Japan UCITS ETF USD (Acc),ETF,IE00B52MJY50,Akkumulerende,CSPXJ.SW,EBS,https://finance.yahoo.com/quote/CSPXJ.SW/,lager,aktieindkomst,yes,ABIS 2026,https://skat.dk/media/euzdrcqh/august-2026-abis-liste-2021-2026.xlsx,2026-08-28
iShares Core MSCI World UCITS ETF EUR Hedged (Dist),ETF,IE00BKBF6H24,Distribuerende,IWLE.DE,GER,https://finance.yahoo.com/quote/IWLE.DE/,lager,aktieindkomst,yes,ABIS 2026,https://skat.dk/media/euzdrcqh/august-2026-abis-liste-2021-2026.xlsx,2026-08-28
iShares Core MSCI World UCITS ETF USD (Acc),ETF,IE00B4L5Y983,Akkumulerende,IWDA.L,LSE,https://finance.yahoo.com/quote/IWDA.L/,lager,aktieindkomst,yes,ABIS 2026,https://skat.dk/media/euzdrcqh/august-2026-abis-liste-2021-2026.xlsx,2026-08-28
iShares Core S&P 500 UCITS ETF EUR Hedged (Acc),ETF,IE000Y7V5EW2,Akkumulerende,CSPEH.AS,AMS,https://finance.yahoo.com/quote/CSPEH.AS/,lager,aktieindkomst,yes,ABIS 2026,https://skat.dk/media/euzdrcqh/august-2026-abis-liste-2021-2026.xlsx,2026-08-28
iShares Core S&P 500 UCITS ETF USD (Acc),ETF,IE00B5BMR087,Akkumulerende,CSSPX.MI,MIL,https://finance.yahoo.com/quote/CSSPX.MI/,lager,aktieindkomst,yes,ABIS 2026,https://skat.dk/media/euzdrcqh/august-2026-abis-liste-2021-2026.xlsx,2026-08-28
iShares Core S&P 500 UCITS ETF USD (Dist),ETF,IE0031442068,Distribuerende,IDUS.L,LSE,https://finance.yahoo.com/quote/IDUS.L/,lager,aktieindkomst,yes,ABIS 2026,https://skat.dk/media/euzdrcqh/august-2026-abis-liste-2021-2026.xlsx,2026-08-28
iShares DAX ESG UCITS ETF (DE),ETF,DE000A0Q4R69,Akkumulerende,EXIA.DE,GER,https://finance.yahoo.com/quote/EXIA.DE/,lager,aktieindkomst,yes,ABIS 2026,https://skat.dk/media/euzdrcqh/august-2026-abis-liste-2021-2026.xlsx,2026-08-28
iShares Digital Entertainment and Education UCITS ETF USD (Acc),ETF,IE00023EZQ82,Akkumulerende,PLAY.AS,AMS,https://finance.yahoo.com/quote/PLAY.AS/,lager,aktieindkomst,yes,ABIS 2026,https://skat.dk/media/euzdrcqh/august-2026-abis-liste-2021-2026.xlsx,2026-08-28
iShares Digital Security UCITS ETF USD (Acc),ETF,IE00BG0J4C88,Akkumulerende,LOCK.L,LSE,https://finance.yahoo.com/quote/LOCK.L/,lager,aktieindkomst,yes,ABIS 2026,https://skat.dk/media/euzdrcqh/august-2026-abis-liste-2021-2026.xlsx,2026-08-28
iShares Digital Security UCITS ETF USD (Dist),ETF,IE00BG0J4841,Distribuerende,SHLD.L,LSE,https://finance.yahoo.com/quote/SHLD.L/,lager,aktieindkomst,yes,ABIS 2026,https://skat.dk/media/euzdrcqh/august-2026-abis-liste-2021-2026.xlsx,2026-08-28
iShares Digitalisation UCITS ETF USD (Acc),ETF,IE00BYZK4883,Akkumulerende,DGTL.L,LSE,https://finance.yahoo.com/quote/DGTL.L/,lager,aktieindkomst,yes,ABIS 2026,https://skat.dk/media/euzdrcqh/august-2026-abis-liste-2021-2026.xlsx,2026-08-28
iShares DivDAX UCITS ETF (DE),ETF,DE0002635273,Distribuerende,EXSB.DE,GER,https://finance.yahoo.com/quote/EXSB.DE/,lager,aktieindkomst,yes,ABIS 2026,https://skat.dk/media/euzdrcqh/august-2026-abis-liste-2021-2026.xlsx,2026-08-28
iShares Dow Jones Global Leaders Screened UCITS ETF USD (Acc),ETF,IE00B57X3V84,Akkumulerende,IGSU.L,LSE,https://finance.yahoo.com/quote/IGSU.L/,lager,aktieindkomst,yes,ABIS 2026,https://skat.dk/media/euzdrcqh/august-2026-abis-liste-2021-2026.xlsx,2026-08-28
iShares Dow Jones Industrial Average UCITS ETF USD (Acc),ETF,IE00B53L4350,Akkumulerende,CSINDU.SW,EBS,https://finance.yahoo.com/quote/CSINDU.SW/,lager,aktieindkomst,yes,ABIS 2026,https://skat.dk/media/euzdrcqh/august-2026-abis-liste-2021-2026.xlsx,2026-08-28
iShares Dow Jones U.S. Select Dividend UCITS ETF (DE) USD (ausschüttend),ETF,DE000A0D8Q49,Distribuerende,EXX5.DE,GER,https://finance.yahoo.com/quote/EXX5.DE/,lager,aktieindkomst,yes,ABIS 2026,https://skat.dk/media/euzdrcqh/august-2026-abis-liste-2021-2026.xlsx,2026-08-28
iShares Edge MSCI EM Minimum Volatility UCITS ETF USD (Acc),ETF,IE00B8KGV557,Akkumulerende,EMMV.L,LSE,https://finance.yahoo.com/quote/EMMV.L/,lager,aktieindkomst,yes,ABIS 2026,https://skat.dk/media/euzdrcqh/august-2026-abis-liste-2021-2026.xlsx,2026-08-28
iShares Edge MSCI EM Value Factor UCITS ETF USD (Acc),ETF,IE00BG0SKF03,Akkumulerende,EMVL.L,LSE,https://finance.yahoo.com/quote/EMVL.L/,lager,aktieindkomst,yes,ABIS 2026,https://skat.dk/media/euzdrcqh/august-2026-abis-liste-2021-2026.xlsx,2026-08-28
iShares Edge MSCI Europe Minimum Volatility Advanced UCITS ETF EUR (Acc),ETF,IE00BKVL7D31,Akkumulerende,MVEE.DE,GER,https://finance.yahoo.com/quote/MVEE.DE/,lager,aktieindkomst,yes,ABIS 2026,https://skat.dk/media/euzdrcqh/august-2026-abis-liste-2021-2026.xlsx,2026-08-28
iShares Edge MSCI Europe Minimum Volatility UCITS ETF EUR (Acc),ETF,IE00B86MWN23,Akkumulerende,MVEU.L,LSE,https://finance.yahoo.com/quote/MVEU.L/,lager,aktieindkomst,yes,ABIS 2026,https://skat.dk/media/euzdrcqh/august-2026-abis-liste-2021-2026.xlsx,2026-08-28
iShares Edge MSCI Europe Momentum Factor UCITS ETF EUR (Acc),ETF,IE00BQN1K786,Akkumulerende,CEMR.DE,GER,https://finance.yahoo.com/quote/CEMR.DE/,lager,aktieindkomst,yes,ABIS 2026,https://skat.dk/media/euzdrcqh/august-2026-abis-liste-2021-2026.xlsx,2026-08-28
iShares Edge MSCI Europe Quality Factor UCITS ETF EUR (Acc),ETF,IE00BQN1K562,Akkumulerende,CEMQ.DE,GER,https://finance.yahoo.com/quote/CEMQ.DE/,lager,aktieindkomst,yes,ABIS 2026,https://skat.dk/media/euzdrcqh/august-2026-abis-liste-2021-2026.xlsx,2026-08-28
iShares Edge MSCI Europe Value Factor UCITS ETF EUR (Acc),ETF,IE00BQN1K901,Akkumulerende,IEVL.L,LSE,https://finance.yahoo.com/quote/IEVL.L/,lager,aktieindkomst,yes,ABIS 2026,https://skat.dk/media/euzdrcqh/august-2026-abis-liste-2021-2026.xlsx,2026-08-28
iShares Edge MSCI USA Minimum Volatility Advanced UCITS ETF USD (Acc),ETF,IE00BKVL7331,Akkumulerende,MVEA.AS,AMS,https://finance.yahoo.com/quote/MVEA.AS/,lager,aktieindkomst,yes,ABIS 2026,https://skat.dk/media/euzdrcqh/august-2026-abis-liste-2021-2026.xlsx,2026-08-28
iShares Edge MSCI USA Momentum Factor UCITS ETF USD (Acc),ETF,IE00BD1F4N50,Akkumulerende,IUMO.L,LSE,https://finance.yahoo.com/quote/IUMO.L/,lager,aktieindkomst,yes,ABIS 2026,https://skat.dk/media/euzdrcqh/august-2026-abis-liste-2021-2026.xlsx,2026-08-28
iShares Edge MSCI USA Quality Factor UCITS ETF USD (Acc),ETF,IE00BD1F4L37,Akkumulerende,IUQA.L,LSE,https://finance.yahoo.com/quote/IUQA.L/,lager,aktieindkomst,yes,ABIS 2026,https://skat.dk/media/euzdrcqh/august-2026-abis-liste-2021-2026.xlsx,2026-08-28
iShares Edge MSCI USA Value Factor UCITS ETF USD (Acc),ETF,IE00BD1F4M44,Akkumulerende,IUVL.L,LSE,https://finance.yahoo.com/quote/IUVL.L/,lager,aktieindkomst,yes,ABIS 2026,https://skat.dk/media/euzdrcqh/august-2026-abis-liste-2021-2026.xlsx,2026-08-28
iShares Edge MSCI World Minimum Volatility Advanced UCITS ETF USD (Acc),ETF,IE00BKVL7778,Akkumulerende,MVEW.AS,AMS,https://finance.yahoo.com/quote/MVEW.AS/,lager,aktieindkomst,yes,ABIS 2026,https://skat.dk/media/euzdrcqh/august-2026-abis-liste-2021-2026.xlsx,2026-08-28
iShares Edge MSCI World Minimum Volatility UCITS ETF EUR Hedged (Acc),ETF,IE00BYXPXL17,Akkumulerende,SXR0.DE,GER,https://finance.yahoo.com/quote/SXR0.DE/,lager,aktieindkomst,yes,ABIS 2026,https://skat.dk/media/euzdrcqh/august-2026-abis-liste-2021-2026.xlsx,2026-08-28
iShares Edge MSCI World Minimum Volatility UCITS ETF USD (Acc),ETF,IE00B8FHGS14,Akkumulerende,MVOL.L,LSE,https://finance.yahoo.com/quote/MVOL.L/,lager,aktieindkomst,yes,ABIS 2026,https://skat.dk/media/euzdrcqh/august-2026-abis-liste-2021-2026.xlsx,2026-08-28
iShares Edge MSCI World Momentum Factor UCITS ETF USD (Acc),ETF,IE00BP3QZ825,Akkumulerende,IWMO.L,LSE,https://finance.yahoo.com/quote/IWMO.L/,lager,aktieindkomst,yes,ABIS 2026,https://skat.dk/media/euzdrcqh/august-2026-abis-liste-2021-2026.xlsx,2026-08-28
iShares Edge MSCI World Quality Factor UCITS ETF USD (Acc),ETF,IE00BP3QZ601,Akkumulerende,IWQU.L,LSE,https://finance.yahoo.com/quote/IWQU.L/,lager,aktieindkomst,yes,ABIS 2026,https://skat.dk/media/euzdrcqh/august-2026-abis-liste-2021-2026.xlsx,2026-08-28
iShares Edge MSCI World Value Factor UCITS ETF USD (Acc),ETF,IE00BP3QZB59,Akkumulerende,IWVL.L,LSE,https://finance.yahoo.com/quote/IWVL.L/,lager,aktieindkomst,yes,ABIS 2026,https://skat.dk/media/euzdrcqh/august-2026-abis-liste-2021-2026.xlsx,2026-08-28
iShares Edge S&P 500 Minimum Volatility UCITS ETF USD (Acc),ETF,IE00B6SPMN59,Akkumulerende,SPMV.L,LSE,https://finance.yahoo.com/quote/SPMV.L/,lager,aktieindkomst,yes,ABIS 2026,https://skat.dk/media/euzdrcqh/august-2026-abis-liste-2021-2026.xlsx,2026-08-28
iShares Electric Vehicles and Driving Technology UCITS ETF USD (Acc),ETF,IE00BGL86Z12,Akkumulerende,ECAR.L,LSE,https://finance.yahoo.com/quote/ECAR.L/,lager,aktieindkomst,yes,ABIS 2026,https://skat.dk/media/euzdrcqh/august-2026-abis-liste-2021-2026.xlsx,2026-08-28
iShares EM Dividend UCITS ETF USD (Dist),ETF,IE00B652H904,Distribuerende,IEDY.L,LSE,https://finance.yahoo.com/quote/IEDY.L/,lager,aktieindkomst,yes,ABIS 2026,https://skat.dk/media/euzdrcqh/august-2026-abis-liste-2021-2026.xlsx,2026-08-28
iShares Essential Metals Producers UCITS ETF USD (Acc),ETF,IE000ROSD5J6,Akkumulerende,METL.AS,AMS,https://finance.yahoo.com/quote/METL.AS/,lager,aktieindkomst,yes,ABIS 2026,https://skat.dk/media/euzdrcqh/august-2026-abis-liste-2021-2026.xlsx,2026-08-28
iShares Euro Dividend UCITS ETF EUR (Dist),ETF,IE00B0M62S72,Distribuerende,IDVY.AS,AMS,https://finance.yahoo.com/quote/IDVY.AS/,lager,aktieindkomst,yes,ABIS 2026,https://skat.dk/media/euzdrcqh/august-2026-abis-liste-2021-2026.xlsx,2026-08-28
iShares EURO STOXX 50 ESG UCITS ETF EUR (Acc),ETF,IE000LXEN6X4,Akkumulerende,ES50.DE,GER,https://finance.yahoo.com/quote/ES50.DE/,lager,aktieindkomst,yes,ABIS 2026,https://skat.dk/media/euzdrcqh/august-2026-abis-liste-2021-2026.xlsx,2026-08-28
iShares EURO STOXX Mid UCITS ETF EUR (Dist),ETF,IE00B02KXL92,Distribuerende,DJMC.AS,AMS,https://finance.yahoo.com/quote/DJMC.AS/,lager,aktieindkomst,yes,ABIS 2026,https://skat.dk/media/euzdrcqh/august-2026-abis-liste-2021-2026.xlsx,2026-08-28
iShares EURO STOXX Small UCITS ETF EUR (Dist),ETF,IE00B02KXM00,Distribuerende,DJSC.AS,AMS,https://finance.yahoo.com/quote/DJSC.AS/,lager,aktieindkomst,yes,ABIS 2026,https://skat.dk/media/euzdrcqh/august-2026-abis-liste-2021-2026.xlsx,2026-08-28
iShares Euro Total Market Growth Large UCITS ETF EUR (Dist),ETF,IE00B0M62V02,Distribuerende,IDJG.AS,AMS,https://finance.yahoo.com/quote/IDJG.AS/,lager,aktieindkomst,yes,ABIS 2026,https://skat.dk/media/euzdrcqh/august-2026-abis-liste-2021-2026.xlsx,2026-08-28
iShares Europe Defence UCITS ETF EUR (Acc),ETF,IE000IAXNM41,Akkumulerende,DFNC.DE,GER,https://finance.yahoo.com/quote/DFNC.DE/,lager,aktieindkomst,yes,ABIS 2026,https://skat.dk/media/euzdrcqh/august-2026-abis-liste-2021-2026.xlsx,2026-08-28
iShares FTSE MIB UCITS ETF EUR (Acc),ETF,IE00B53L4X51,Akkumulerende,CSMIB.MI,MIL,https://finance.yahoo.com/quote/CSMIB.MI/,lager,aktieindkomst,yes,ABIS 2026,https://skat.dk/media/euzdrcqh/august-2026-abis-liste-2021-2026.xlsx,2026-08-28
iShares Global Clean Energy Transition UCITS ETF USD (Acc),ETF,IE000U58J0M1,Akkumulerende,INRA.AS,AMS,https://finance.yahoo.com/quote/INRA.AS/,lager,aktieindkomst,yes,ABIS 2026,https://skat.dk/media/euzdrcqh/august-2026-abis-liste-2021-2026.xlsx,2026-08-28
iShares Global Clean Energy Transition UCITS ETF USD (Dist),ETF,IE00B1XNHC34,Distribuerende,INRG.SW,EBS,https://finance.yahoo.com/quote/INRG.SW/,lager,aktieindkomst,yes,ABIS 2026,https://skat.dk/media/euzdrcqh/august-2026-abis-liste-2021-2026.xlsx,2026-08-28
iShares Global Infrastructure UCITS ETF USD (Dist),ETF,IE00B1FZS467,Distribuerende,INFR.SW,EBS,https://finance.yahoo.com/quote/INFR.SW/,lager,aktieindkomst,yes,ABIS 2026,https://skat.dk/media/euzdrcqh/august-2026-abis-liste-2021-2026.xlsx,2026-08-28
iShares Global Timber & Forestry UCITS ETF USD (Acc),ETF,IE0003ZXNJY5,Akkumulerende,WOOE.AS,AMS,https://finance.yahoo.com/quote/WOOE.AS/,lager,aktieindkomst,yes,ABIS 2026,https://skat.dk/media/euzdrcqh/august-2026-abis-liste-2021-2026.xlsx,2026-08-28
iShares Global Timber & Forestry UCITS ETF USD (Dist),ETF,IE00B27YCF74,Distribuerende,WOOD.SW,EBS,https://finance.yahoo.com/quote/WOOD.SW/,lager,aktieindkomst,yes,ABIS 2026,https://skat.dk/media/euzdrcqh/august-2026-abis-liste-2021-2026.xlsx,2026-08-28
iShares Global Water UCITS ETF USD (Dist),ETF,IE00B1TXK627,Distribuerende,DH2O.L,LSE,https://finance.yahoo.com/quote/DH2O.L/,lager,aktieindkomst,yes,ABIS 2026,https://skat.dk/media/euzdrcqh/august-2026-abis-liste-2021-2026.xlsx,2026-08-28
iShares Gold Producers UCITS ETF USD (Acc),ETF,IE00B6R52036,Akkumulerende,IAUP.L,LSE,https://finance.yahoo.com/quote/IAUP.L/,lager,aktieindkomst,yes,ABIS 2026,https://skat.dk/media/euzdrcqh/august-2026-abis-liste-2021-2026.xlsx,2026-08-28
iShares Healthcare Innovation UCITS ETF USD (Acc),ETF,IE00BYZK4776,Akkumulerende,HEAL.L,LSE,https://finance.yahoo.com/quote/HEAL.L/,lager,aktieindkomst,yes,ABIS 2026,https://skat.dk/media/euzdrcqh/august-2026-abis-liste-2021-2026.xlsx,2026-08-28
iShares Inclusion and Diversity UCITS ETF USD (Acc),ETF,IE00BD0B9B76,Akkumulerende,OPEN.L,LSE,https://finance.yahoo.com/quote/OPEN.L/,lager,aktieindkomst,yes,ABIS 2026,https://skat.dk/media/euzdrcqh/august-2026-abis-liste-2021-2026.xlsx,2026-08-28
iShares Listed Private Equity UCITS ETF USD (Acc),ETF,IE000D8FCSD8,Akkumulerende,IPRA.AS,AMS,https://finance.yahoo.com/quote/IPRA.AS/,lager,aktieindkomst,yes,ABIS 2026,https://skat.dk/media/euzdrcqh/august-2026-abis-liste-2021-2026.xlsx,2026-08-28
iShares Listed Private Equity UCITS ETF USD (Dist),ETF,IE00B1TXHL60,Distribuerende,IDPE.L,LSE,https://finance.yahoo.com/quote/IDPE.L/,lager,aktieindkomst,yes,ABIS 2026,https://skat.dk/media/euzdrcqh/august-2026-abis-liste-2021-2026.xlsx,2026-08-28
iShares MSCI AC Far East ex-Japan UCITS ETF USD (Acc),ETF,IE00BKPX3K41,Akkumulerende,IFFI.AS,AMS,https://finance.yahoo.com/quote/IFFI.AS/,lager,aktieindkomst,yes,ABIS 2026,https://skat.dk/media/euzdrcqh/august-2026-abis-liste-2021-2026.xlsx,2026-08-28
iShares MSCI AC Far East ex-Japan UCITS ETF USD (Dist),ETF,IE00B0M63730,Distribuerende,IFFF.SW,EBS,https://finance.yahoo.com/quote/IFFF.SW/,lager,aktieindkomst,yes,ABIS 2026,https://skat.dk/media/euzdrcqh/august-2026-abis-liste-2021-2026.xlsx,2026-08-28
iShares MSCI ACWI SRI UCITS ETF USD (Acc),ETF,IE000JTPK610,Akkumulerende,CBUY.DE,GER,https://finance.yahoo.com/quote/CBUY.DE/,lager,aktieindkomst,yes,ABIS 2026,https://skat.dk/media/euzdrcqh/august-2026-abis-liste-2021-2026.xlsx,2026-08-28
iShares MSCI ACWI SRI UCITS ETF USD (Dist),ETF,IE00013A2XD6,Distribuerende,SAWI.AS,AMS,https://finance.yahoo.com/quote/SAWI.AS/,lager,aktieindkomst,yes,ABIS 2026,https://skat.dk/media/euzdrcqh/august-2026-abis-liste-2021-2026.xlsx,2026-08-28
iShares MSCI ACWI UCITS ETF USD (Acc),ETF,IE00B6R52259,Akkumulerende,ISAC.L,LSE,https://finance.yahoo.com/quote/ISAC.L/,lager,aktieindkomst,yes,ABIS 2026,https://skat.dk/media/euzdrcqh/august-2026-abis-liste-2021-2026.xlsx,2026-08-28
iShares MSCI Australia UCITS ETF USD (Acc),ETF,IE00B5377D42,Akkumulerende,IAUS.L,LSE,https://finance.yahoo.com/quote/IAUS.L/,lager,aktieindkomst,yes,ABIS 2026,https://skat.dk/media/euzdrcqh/august-2026-abis-liste-2021-2026.xlsx,2026-08-28
iShares MSCI Brazil UCITS ETF USD (Dist),ETF,IE00B0M63516,Distribuerende,IBZL.L,LSE,https://finance.yahoo.com/quote/IBZL.L/,lager,aktieindkomst,yes,ABIS 2026,https://skat.dk/media/euzdrcqh/august-2026-abis-liste-2021-2026.xlsx,2026-08-28
iShares MSCI China A UCITS ETF USD (Acc),ETF,IE00BQT3WG13,Akkumulerende,CNYAN.MX,MEX,https://finance.yahoo.com/quote/CNYAN.MX/,lager,aktieindkomst,yes,ABIS 2026,https://skat.dk/media/euzdrcqh/august-2026-abis-liste-2021-2026.xlsx,2026-08-28
iShares MSCI China UCITS ETF USD (Acc),ETF,IE00BJ5JPG56,Akkumulerende,ICHN.AS,AMS,https://finance.yahoo.com/quote/ICHN.AS/,lager,aktieindkomst,yes,ABIS 2026,https://skat.dk/media/euzdrcqh/august-2026-abis-liste-2021-2026.xlsx,2026-08-28
iShares MSCI EM Asia UCITS ETF USD (Acc),ETF,IE00B5L8K969,Akkumulerende,CSEMAS.SW,EBS,https://finance.yahoo.com/quote/CSEMAS.SW/,lager,aktieindkomst,yes,ABIS 2026,https://skat.dk/media/euzdrcqh/august-2026-abis-liste-2021-2026.xlsx,2026-08-28
iShares MSCI EM Consumer Growth UCITS ETF USD (Acc),ETF,IE00BKM4H197,Akkumulerende,CEMG.L,LSE,https://finance.yahoo.com/quote/CEMG.L/,lager,aktieindkomst,yes,ABIS 2026,https://skat.dk/media/euzdrcqh/august-2026-abis-liste-2021-2026.xlsx,2026-08-28
iShares MSCI EM ESG Enhanced CTB UCITS ETF USD (Acc),ETF,IE00BHZPJ239,Akkumulerende,EDM2.SW,EBS,https://finance.yahoo.com/quote/EDM2.SW/,lager,aktieindkomst,yes,ABIS 2026,https://skat.dk/media/euzdrcqh/august-2026-abis-liste-2021-2026.xlsx,2026-08-28
iShares MSCI EM ex-China UCITS ETF USD (Acc),ETF,IE00BMG6Z448,Akkumulerende,EXCH.AS,AMS,https://finance.yahoo.com/quote/EXCH.AS/,lager,aktieindkomst,yes,ABIS 2026,https://skat.dk/media/euzdrcqh/august-2026-abis-liste-2021-2026.xlsx,2026-08-28
iShares MSCI EM IMI Screened UCITS ETF USD (Acc),ETF,IE00BFNM3P36,Akkumulerende,AYEM.DE,GER,https://finance.yahoo.com/quote/AYEM.DE/,lager,aktieindkomst,yes,ABIS 2026,https://skat.dk/media/euzdrcqh/august-2026-abis-liste-2021-2026.xlsx,2026-08-28
iShares MSCI EM IMI Screened UCITS ETF USD (Dist),ETF,IE00BFNM3N12,Distribuerende,SEDM.L,LSE,https://finance.yahoo.com/quote/SEDM.L/,lager,aktieindkomst,yes,ABIS 2026,https://skat.dk/media/euzdrcqh/august-2026-abis-liste-2021-2026.xlsx,2026-08-28
iShares MSCI EM Latin America UCITS ETF USD (Dist),ETF,IE00B27YCK28,Distribuerende,DLTM.L,LSE,https://finance.yahoo.com/quote/DLTM.L/,lager,aktieindkomst,yes,ABIS 2026,https://skat.dk/media/euzdrcqh/august-2026-abis-liste-2021-2026.xlsx,2026-08-28
iShares MSCI EM Small Cap UCITS ETF USD (Dist),ETF,IE00B3F81G20,Distribuerende,IEMS.L,LSE,https://finance.yahoo.com/quote/IEMS.L/,lager,aktieindkomst,yes,ABIS 2026,https://skat.dk/media/euzdrcqh/august-2026-abis-liste-2021-2026.xlsx,2026-08-28
iShares MSCI EM SRI UCITS ETF USD (Acc),ETF,IE00BYVJRP78,Akkumulerende,SUSM.L,LSE,https://finance.yahoo.com/quote/SUSM.L/,lager,aktieindkomst,yes,ABIS 2026,https://skat.dk/media/euzdrcqh/august-2026-abis-liste-2021-2026.xlsx,2026-08-28
iShares MSCI EM SRI UCITS ETF USD (Dist),ETF,IE00BGDQ0T50,Distribuerende,SEMD.AS,AMS,https://finance.yahoo.com/quote/SEMD.AS/,lager,aktieindkomst,yes,ABIS 2026,https://skat.dk/media/euzdrcqh/august-2026-abis-liste-2021-2026.xlsx,2026-08-28
iShares MSCI EM UCITS ETF USD (Acc),ETF,IE00B4L5YC18,Akkumulerende,IEMA.L,LSE,https://finance.yahoo.com/quote/IEMA.L/,lager,aktieindkomst,yes,ABIS 2026,https://skat.dk/media/euzdrcqh/august-2026-abis-liste-2021-2026.xlsx,2026-08-28
iShares MSCI EM UCITS ETF USD (Dist),ETF,IE00B0M63177,Distribuerende,IEEM.SW,EBS,https://finance.yahoo.com/quote/IEEM.SW/,lager,aktieindkomst,yes,ABIS 2026,https://skat.dk/media/euzdrcqh/august-2026-abis-liste-2021-2026.xlsx,2026-08-28
iShares MSCI EMU ESG Enhanced CTB UCITS ETF EUR (Acc),ETF,IE00BHZPJ015,Akkumulerende,EDM4.DE,GER,https://finance.yahoo.com/quote/EDM4.DE/,lager,aktieindkomst,yes,ABIS 2026,https://skat.dk/media/euzdrcqh/august-2026-abis-liste-2021-2026.xlsx,2026-08-28
iShares MSCI EMU ESG Enhanced CTB UCITS ETF EUR (Dist),ETF,IE00BHZPHZ28,Distribuerende,EMNE.DE,GER,https://finance.yahoo.com/quote/EMNE.DE/,lager,aktieindkomst,yes,ABIS 2026,https://skat.dk/media/euzdrcqh/august-2026-abis-liste-2021-2026.xlsx,2026-08-28
iShares MSCI EMU Large Cap UCITS ETF EUR (Acc),ETF,IE00BCLWRF22,Akkumulerende,0MUL.L,LSE,https://finance.yahoo.com/quote/0MUL.L/,lager,aktieindkomst,yes,ABIS 2026,https://skat.dk/media/euzdrcqh/august-2026-abis-liste-2021-2026.xlsx,2026-08-28
iShares MSCI EMU Mid Cap UCITS ETF EUR (Acc),ETF,IE00BCLWRD08,Akkumulerende,EMUM.L,LSE,https://finance.yahoo.com/quote/EMUM.L/,lager,aktieindkomst,yes,ABIS 2026,https://skat.dk/media/euzdrcqh/august-2026-abis-liste-2021-2026.xlsx,2026-08-28
iShares MSCI EMU Screened UCITS ETF EUR (Acc),ETF,IE00BFNM3B99,Akkumulerende,SLMA.DE,GER,https://finance.yahoo.com/quote/SLMA.DE/,lager,aktieindkomst,yes,ABIS 2026,https://skat.dk/media/euzdrcqh/august-2026-abis-liste-2021-2026.xlsx,2026-08-28
iShares MSCI Europe Consumer Discretionary Sector UCITS ETF EUR (Acc),ETF,IE00BMW42298,Akkumulerende,ESIC.DE,GER,https://finance.yahoo.com/quote/ESIC.DE/,lager,aktieindkomst,yes,ABIS 2026,https://skat.dk/media/euzdrcqh/august-2026-abis-liste-2021-2026.xlsx,2026-08-28
iShares MSCI Europe Consumer Staples Sector UCITS ETF EUR (Acc),ETF,IE00BMW42074,Akkumulerende,ESIS.DE,GER,https://finance.yahoo.com/quote/ESIS.DE/,lager,aktieindkomst,yes,ABIS 2026,https://skat.dk/media/euzdrcqh/august-2026-abis-liste-2021-2026.xlsx,2026-08-28
iShares MSCI Europe Energy Sector UCITS ETF EUR (Acc),ETF,IE00BMW42637,Akkumulerende,ESIE.DE,GER,https://finance.yahoo.com/quote/ESIE.DE/,lager,aktieindkomst,yes,ABIS 2026,https://skat.dk/media/euzdrcqh/august-2026-abis-liste-2021-2026.xlsx,2026-08-28
iShares MSCI Europe ESG Enhanced CTB UCITS ETF EUR (Acc),ETF,IE00BHZPJ783,Akkumulerende,EDM6.DE,GER,https://finance.yahoo.com/quote/EDM6.DE/,lager,aktieindkomst,yes,ABIS 2026,https://skat.dk/media/euzdrcqh/august-2026-abis-liste-2021-2026.xlsx,2026-08-28
iShares MSCI Europe ESG Enhanced CTB UCITS ETF EUR (Dist),ETF,IE00BHZPJ676,Distribuerende,EMNU.DE,GER,https://finance.yahoo.com/quote/EMNU.DE/,lager,aktieindkomst,yes,ABIS 2026,https://skat.dk/media/euzdrcqh/august-2026-abis-liste-2021-2026.xlsx,2026-08-28
iShares MSCI Europe ex-UK UCITS ETF EUR (Dist),ETF,IE00B14X4N27,Distribuerende,IEUX.AS,AMS,https://finance.yahoo.com/quote/IEUX.AS/,lager,aktieindkomst,yes,ABIS 2026,https://skat.dk/media/euzdrcqh/august-2026-abis-liste-2021-2026.xlsx,2026-08-28
iShares MSCI Europe Financials Sector UCITS ETF EUR (Acc),ETF,IE00BMW42306,Akkumulerende,ESIF.DE,GER,https://finance.yahoo.com/quote/ESIF.DE/,lager,aktieindkomst,yes,ABIS 2026,https://skat.dk/media/euzdrcqh/august-2026-abis-liste-2021-2026.xlsx,2026-08-28
iShares MSCI Europe Health Care Sector UCITS ETF EUR (Acc),ETF,IE00BMW42181,Akkumulerende,ESIH.DE,GER,https://finance.yahoo.com/quote/ESIH.DE/,lager,aktieindkomst,yes,ABIS 2026,https://skat.dk/media/euzdrcqh/august-2026-abis-liste-2021-2026.xlsx,2026-08-28
iShares MSCI Europe Industrials Sector UCITS ETF EUR (Acc),ETF,IE00BMW42520,Akkumulerende,ESIN.DE,GER,https://finance.yahoo.com/quote/ESIN.DE/,lager,aktieindkomst,yes,ABIS 2026,https://skat.dk/media/euzdrcqh/august-2026-abis-liste-2021-2026.xlsx,2026-08-28
iShares MSCI Europe Information Technology Sector UCITS ETF EUR (Acc),ETF,IE00BMW42413,Akkumulerende,ESIT.DE,GER,https://finance.yahoo.com/quote/ESIT.DE/,lager,aktieindkomst,yes,ABIS 2026,https://skat.dk/media/euzdrcqh/august-2026-abis-liste-2021-2026.xlsx,2026-08-28
iShares MSCI Europe Quality Dividend Advanced UCITS ETF EUR (Dist),ETF,IE00BYYHSM20,Distribuerende,QDVX.DE,GER,https://finance.yahoo.com/quote/QDVX.DE/,lager,aktieindkomst,yes,ABIS 2026,https://skat.dk/media/euzdrcqh/august-2026-abis-liste-2021-2026.xlsx,2026-08-28
iShares MSCI Europe Screened UCITS ETF EUR (Acc),ETF,IE00BFNM3D14,Akkumulerende,SLMC.DE,GER,https://finance.yahoo.com/quote/SLMC.DE/,lager,aktieindkomst,yes,ABIS 2026,https://skat.dk/media/euzdrcqh/august-2026-abis-liste-2021-2026.xlsx,2026-08-28
iShares MSCI Europe Screened UCITS ETF EUR (Dist),ETF,IE00BFNM3F38,Distribuerende,SLMD.DE,GER,https://finance.yahoo.com/quote/SLMD.DE/,lager,aktieindkomst,yes,ABIS 2026,https://skat.dk/media/euzdrcqh/august-2026-abis-liste-2021-2026.xlsx,2026-08-28
iShares MSCI Europe SRI UCITS ETF EUR (Acc),ETF,IE00B52VJ196,Akkumulerende,IESE.AS,AMS,https://finance.yahoo.com/quote/IESE.AS/,lager,aktieindkomst,yes,ABIS 2026,https://skat.dk/media/euzdrcqh/august-2026-abis-liste-2021-2026.xlsx,2026-08-28
iShares MSCI Europe SRI UCITS ETF EUR (Dist),ETF,IE00BGDPWW94,Distribuerende,ISED.AS,AMS,https://finance.yahoo.com/quote/ISED.AS/,lager,aktieindkomst,yes,ABIS 2026,https://skat.dk/media/euzdrcqh/august-2026-abis-liste-2021-2026.xlsx,2026-08-28
iShares MSCI France UCITS ETF EUR (Acc),ETF,IE00BP3QZJ36,Akkumulerende,IS3U.DE,GER,https://finance.yahoo.com/quote/IS3U.DE/,lager,aktieindkomst,yes,ABIS 2026,https://skat.dk/media/euzdrcqh/august-2026-abis-liste-2021-2026.xlsx,2026-08-28
iShares MSCI Global Semiconductors UCITS ETF USD (Acc),ETF,IE000I8KRLL9,Akkumulerende,SEMI.AS,AMS,https://finance.yahoo.com/quote/SEMI.AS/,lager,aktieindkomst,yes,ABIS 2026,https://skat.dk/media/euzdrcqh/august-2026-abis-liste-2021-2026.xlsx,2026-08-28
iShares MSCI India UCITS ETF USD (Acc),ETF,IE00BZCQB185,Akkumulerende,NDIA.L,LSE,https://finance.yahoo.com/quote/NDIA.L/,lager,aktieindkomst,yes,ABIS 2026,https://skat.dk/media/euzdrcqh/august-2026-abis-liste-2021-2026.xlsx,2026-08-28
iShares MSCI Japan ESG Enhanced CTB UCITS ETF EUR Hedged (Acc),ETF,IE0002SCQ8X0,Akkumulerende,CEB3.DE,GER,https://finance.yahoo.com/quote/CEB3.DE/,lager,aktieindkomst,yes,ABIS 2026,https://skat.dk/media/euzdrcqh/august-2026-abis-liste-2021-2026.xlsx,2026-08-28
iShares MSCI Japan ESG Enhanced CTB UCITS ETF USD (Acc),ETF,IE00BHZPJ452,Akkumulerende,EDMJ.SW,EBS,https://finance.yahoo.com/quote/EDMJ.SW/,lager,aktieindkomst,yes,ABIS 2026,https://skat.dk/media/euzdrcqh/august-2026-abis-liste-2021-2026.xlsx,2026-08-28
iShares MSCI Japan ESG Enhanced CTB UCITS ETF USD (Dist),ETF,IE00BHZPJ346,Distribuerende,EEJD.L,LSE,https://finance.yahoo.com/quote/EEJD.L/,lager,aktieindkomst,yes,ABIS 2026,https://skat.dk/media/euzdrcqh/august-2026-abis-liste-2021-2026.xlsx,2026-08-28
iShares MSCI Japan Screened UCITS ETF USD (Acc),ETF,IE00BFNM3L97,Akkumulerende,SAJP.L,LSE,https://finance.yahoo.com/quote/SAJP.L/,lager,aktieindkomst,yes,ABIS 2026,https://skat.dk/media/euzdrcqh/august-2026-abis-liste-2021-2026.xlsx,2026-08-28
iShares MSCI Japan Screened UCITS ETF USD (Dist),ETF,IE00BFNM3M05,Distribuerende,SDJP.L,LSE,https://finance.yahoo.com/quote/SDJP.L/,lager,aktieindkomst,yes,ABIS 2026,https://skat.dk/media/euzdrcqh/august-2026-abis-liste-2021-2026.xlsx,2026-08-28
iShares MSCI Japan Small Cap UCITS ETF USD (Dist),ETF,IE00B2QWDY88,Distribuerende,IDJP.L,LSE,https://finance.yahoo.com/quote/IDJP.L/,lager,aktieindkomst,yes,ABIS 2026,https://skat.dk/media/euzdrcqh/august-2026-abis-liste-2021-2026.xlsx,2026-08-28
iShares MSCI Japan SRI UCITS ETF USD (Acc),ETF,IE00BYX8XC17,Akkumulerende,SUJP.L,LSE,https://finance.yahoo.com/quote/SUJP.L/,lager,aktieindkomst,yes,ABIS 2026,https://skat.dk/media/euzdrcqh/august-2026-abis-liste-2021-2026.xlsx,2026-08-28
iShares MSCI Japan SRI UCITS ETF USD (Dist),ETF,IE00BGDQ0V72,Distribuerende,SUJD.AS,AMS,https://finance.yahoo.com/quote/SUJD.AS/,lager,aktieindkomst,yes,ABIS 2026,https://skat.dk/media/euzdrcqh/august-2026-abis-liste-2021-2026.xlsx,2026-08-28
iShares MSCI Japan UCITS ETF USD (Dist),ETF,IE00B02KXH56,Distribuerende,IJPU.L,LSE,https://finance.yahoo.com/quote/IJPU.L/,lager,aktieindkomst,yes,ABIS 2026,https://skat.dk/media/euzdrcqh/august-2026-abis-liste-2021-2026.xlsx,2026-08-28
iShares MSCI Korea UCITS ETF USD (Dist),ETF,IE00B0M63391,Distribuerende,IKOR.SW,EBS,https://finance.yahoo.com/quote/IKOR.SW/,lager,aktieindkomst,yes,ABIS 2026,https://skat.dk/media/euzdrcqh/august-2026-abis-liste-2021-2026.xlsx,2026-08-28
iShares MSCI North America UCITS ETF USD (Dist),ETF,IE00B14X4M10,Distribuerende,INAA.SW,EBS,https://finance.yahoo.com/quote/INAA.SW/,lager,aktieindkomst,yes,ABIS 2026,https://skat.dk/media/euzdrcqh/august-2026-abis-liste-2021-2026.xlsx,2026-08-28
iShares MSCI Saudi Arabia Capped UCITS ETF USD (Acc),ETF,IE00BYYR0489,Akkumulerende,IKSA.L,LSE,https://finance.yahoo.com/quote/IKSA.L/,lager,aktieindkomst,yes,ABIS 2026,https://skat.dk/media/euzdrcqh/august-2026-abis-liste-2021-2026.xlsx,2026-08-28
iShares MSCI Saudi Arabia Capped UCITS ETF USD (Dist),ETF,IE00BJ5JPJ87,Distribuerende,IKSD.L,LSE,https://finance.yahoo.com/quote/IKSD.L/,lager,aktieindkomst,yes,ABIS 2026,https://skat.dk/media/euzdrcqh/august-2026-abis-liste-2021-2026.xlsx,2026-08-28
iShares MSCI South Africa UCITS ETF USD (Acc),ETF,IE00B52XQP83,Akkumulerende,IRSA.L,LSE,https://finance.yahoo.com/quote/IRSA.L/,lager,aktieindkomst,yes,ABIS 2026,https://skat.dk/media/euzdrcqh/august-2026-abis-liste-2021-2026.xlsx,2026-08-28
iShares MSCI Taiwan UCITS ETF USD (Dist),ETF,IE00B0M63623,Distribuerende,ITWN.SW,EBS,https://finance.yahoo.com/quote/ITWN.SW/,lager,aktieindkomst,yes,ABIS 2026,https://skat.dk/media/euzdrcqh/august-2026-abis-liste-2021-2026.xlsx,2026-08-28
iShares MSCI Turkey UCITS ETF USD (Dist),ETF,IE00B1FZS574,Distribuerende,IDTK.L,LSE,https://finance.yahoo.com/quote/IDTK.L/,lager,aktieindkomst,yes,ABIS 2026,https://skat.dk/media/euzdrcqh/august-2026-abis-liste-2021-2026.xlsx,2026-08-28
iShares MSCI USA ESG Enhanced CTB UCITS ETF EUR Hedged (Acc),ETF,IE000U7L59A3,Akkumulerende,CBUC.DE,GER,https://finance.yahoo.com/quote/CBUC.DE/,lager,aktieindkomst,yes,ABIS 2026,https://skat.dk/media/euzdrcqh/august-2026-abis-liste-2021-2026.xlsx,2026-08-28
iShares MSCI USA ESG Enhanced CTB UCITS ETF USD (Acc),ETF,IE00BHZPJ908,Akkumulerende,0ACQ.IL,IOB,https://finance.yahoo.com/quote/0ACQ.IL/,lager,aktieindkomst,yes,ABIS 2026,https://skat.dk/media/euzdrcqh/august-2026-abis-liste-2021-2026.xlsx,2026-08-28
iShares MSCI USA ESG Enhanced CTB UCITS ETF USD (Dist),ETF,IE00BHZPJ890,Distribuerende,EEDS.L,LSE,https://finance.yahoo.com/quote/EEDS.L/,lager,aktieindkomst,yes,ABIS 2026,https://skat.dk/media/euzdrcqh/august-2026-abis-liste-2021-2026.xlsx,2026-08-28
iShares MSCI USA Leaders UCITS ETF USD (Acc),ETF,IE000C5YJ791,Akkumulerende,USLD.AS,AMS,https://finance.yahoo.com/quote/USLD.AS/,lager,aktieindkomst,yes,ABIS 2026,https://skat.dk/media/euzdrcqh/august-2026-abis-liste-2021-2026.xlsx,2026-08-28
iShares MSCI USA Mid-Cap Equal Weight UCITS ETF USD (Acc),ETF,IE00BD1F4K20,Akkumulerende,IUSZ.L,LSE,https://finance.yahoo.com/quote/IUSZ.L/,lager,aktieindkomst,yes,ABIS 2026,https://skat.dk/media/euzdrcqh/august-2026-abis-liste-2021-2026.xlsx,2026-08-28
iShares MSCI USA Quality Dividend Advanced UCITS ETF USD (Dist),ETF,IE00BKM4H312,Distribuerende,QDIV.L,LSE,https://finance.yahoo.com/quote/QDIV.L/,lager,aktieindkomst,yes,ABIS 2026,https://skat.dk/media/euzdrcqh/august-2026-abis-liste-2021-2026.xlsx,2026-08-28
iShares MSCI USA Screened UCITS ETF EUR Hedged (Acc),ETF,IE000G2LIHG9,Akkumulerende,SAUA.MI,MIL,https://finance.yahoo.com/quote/SAUA.MI/,lager,aktieindkomst,yes,ABIS 2026,https://skat.dk/media/euzdrcqh/august-2026-abis-liste-2021-2026.xlsx,2026-08-28
iShares MSCI USA Screened UCITS ETF USD (Acc),ETF,IE00BFNM3G45,Akkumulerende,SASU.L,LSE,https://finance.yahoo.com/quote/SASU.L/,lager,aktieindkomst,yes,ABIS 2026,https://skat.dk/media/euzdrcqh/august-2026-abis-liste-2021-2026.xlsx,2026-08-28
iShares MSCI USA Screened UCITS ETF USD (Dist),ETF,IE00BFNM3H51,Distribuerende,SDUS.L,LSE,https://finance.yahoo.com/quote/SDUS.L/,lager,aktieindkomst,yes,ABIS 2026,https://skat.dk/media/euzdrcqh/august-2026-abis-liste-2021-2026.xlsx,2026-08-28
iShares MSCI USA Small Cap ESG Enhanced CTB UCITS ETF USD (Acc),ETF,IE00B3VWM098,Akkumulerende,CSUSS.MI,MIL,https://finance.yahoo.com/quote/CSUSS.MI/,lager,aktieindkomst,yes,ABIS 2026,https://skat.dk/media/euzdrcqh/august-2026-abis-liste-2021-2026.xlsx,2026-08-28
iShares MSCI USA SRI UCITS ETF EUR Hedged (Dist),ETF,IE00BZ173V67,Distribuerende,3SUR.DE,GER,https://finance.yahoo.com/quote/3SUR.DE/,lager,aktieindkomst,yes,ABIS 2026,https://skat.dk/media/euzdrcqh/august-2026-abis-liste-2021-2026.xlsx,2026-08-28
iShares MSCI USA SRI UCITS ETF USD (Acc),ETF,IE00BYVJRR92,Akkumulerende,SUAS.L,LSE,https://finance.yahoo.com/quote/SUAS.L/,lager,aktieindkomst,yes,ABIS 2026,https://skat.dk/media/euzdrcqh/august-2026-abis-liste-2021-2026.xlsx,2026-08-28
iShares MSCI USA SRI UCITS ETF USD (Dist),ETF,IE00BZ173T46,Distribuerende,SRIL.AS,AMS,https://finance.yahoo.com/quote/SRIL.AS/,lager,aktieindkomst,yes,ABIS 2026,https://skat.dk/media/euzdrcqh/august-2026-abis-liste-2021-2026.xlsx,2026-08-28
iShares MSCI USA UCITS ETF USD (Acc),ETF,IE00B52SFT06,Akkumulerende,CSUS.SW,EBS,https://finance.yahoo.com/quote/CSUS.SW/,lager,aktieindkomst,yes,ABIS 2026,https://skat.dk/media/euzdrcqh/august-2026-abis-liste-2021-2026.xlsx,2026-08-28
iShares MSCI World ESG Enhanced CTB UCITS ETF USD (Acc),ETF,IE00BHZPJ569,Akkumulerende,EDMW.SW,EBS,https://finance.yahoo.com/quote/EDMW.SW/,lager,aktieindkomst,yes,ABIS 2026,https://skat.dk/media/euzdrcqh/august-2026-abis-liste-2021-2026.xlsx,2026-08-28
iShares MSCI World ESG Enhanced CTB UCITS ETF USD (Dist),ETF,IE00BG11HV38,Distribuerende,EEWD.L,LSE,https://finance.yahoo.com/quote/EEWD.L/,lager,aktieindkomst,yes,ABIS 2026,https://skat.dk/media/euzdrcqh/august-2026-abis-liste-2021-2026.xlsx,2026-08-28
iShares MSCI World Information Technology Sector Advanced UCITS ETF USD (Dist),ETF,IE00BJ5JNY98,Distribuerende,WITS.AS,AMS,https://finance.yahoo.com/quote/WITS.AS/,lager,aktieindkomst,yes,ABIS 2026,https://skat.dk/media/euzdrcqh/august-2026-abis-liste-2021-2026.xlsx,2026-08-28
iShares MSCI World Mid-Cap Equal Weight UCITS ETF USD (Acc),ETF,IE00BP3QZD73,Akkumulerende,IWSZ.L,LSE,https://finance.yahoo.com/quote/IWSZ.L/,lager,aktieindkomst,yes,ABIS 2026,https://skat.dk/media/euzdrcqh/august-2026-abis-liste-2021-2026.xlsx,2026-08-28
iShares MSCI World Paris-Aligned Climate UCITS ETF USD (Acc),ETF,IE00BMXC7W70,Akkumulerende,WPAB.AS,AMS,https://finance.yahoo.com/quote/WPAB.AS/,lager,aktieindkomst,yes,ABIS 2026,https://skat.dk/media/euzdrcqh/august-2026-abis-liste-2021-2026.xlsx,2026-08-28
iShares MSCI World Quality Dividend Advanced UCITS ETF USD (Dist),ETF,IE00BYYHSQ67,Distribuerende,WQDV.L,LSE,https://finance.yahoo.com/quote/WQDV.L/,lager,aktieindkomst,yes,ABIS 2026,https://skat.dk/media/euzdrcqh/august-2026-abis-liste-2021-2026.xlsx,2026-08-28
iShares MSCI World Screened UCITS ETF USD (Acc),ETF,IE00BFNM3J75,Akkumulerende,SAWD.L,LSE,https://finance.yahoo.com/quote/SAWD.L/,lager,aktieindkomst,yes,ABIS 2026,https://skat.dk/media/euzdrcqh/august-2026-abis-liste-2021-2026.xlsx,2026-08-28
iShares MSCI World Screened UCITS ETF USD (Dist),ETF,IE00BFNM3K80,Distribuerende,SDWD.L,LSE,https://finance.yahoo.com/quote/SDWD.L/,lager,aktieindkomst,yes,ABIS 2026,https://skat.dk/media/euzdrcqh/august-2026-abis-liste-2021-2026.xlsx,2026-08-28
iShares MSCI World Small Cap UCITS ETF USD (Acc),ETF,IE00BF4RFH31,Akkumulerende,WSML.L,LSE,https://finance.yahoo.com/quote/WSML.L/,lager,aktieindkomst,yes,ABIS 2026,https://skat.dk/media/euzdrcqh/august-2026-abis-liste-2021-2026.xlsx,2026-08-28
iShares MSCI World SRI UCITS ETF EUR (Acc),ETF,IE00BYX2JD69,Akkumulerende,SUSW.L,LSE,https://finance.yahoo.com/quote/SUSW.L/,lager,aktieindkomst,yes,ABIS 2026,https://skat.dk/media/euzdrcqh/august-2026-abis-liste-2021-2026.xlsx,2026-08-28
iShares MSCI World SRI UCITS ETF USD (Dist),ETF,IE00BDZZTM54,Distribuerende,SUWS.L,LSE,https://finance.yahoo.com/quote/SUWS.L/,lager,aktieindkomst,yes,ABIS 2026,https://skat.dk/media/euzdrcqh/august-2026-abis-liste-2021-2026.xlsx,2026-08-28
iShares MSCI World UCITS ETF USD (Dist),ETF,IE00B0M62Q58,Distribuerende,IDWR.L,LSE,https://finance.yahoo.com/quote/IDWR.L/,lager,aktieindkomst,yes,ABIS 2026,https://skat.dk/media/euzdrcqh/august-2026-abis-liste-2021-2026.xlsx,2026-08-28
iShares Nasdaq 100 ex-Top 30 UCITS ETF USD (Acc),ETF,IE000SVXJH05,Akkumulerende,QNXT.AS,AMS,https://finance.yahoo.com/quote/QNXT.AS/,lager,aktieindkomst,yes,ABIS 2026,https://skat.dk/media/euzdrcqh/august-2026-abis-liste-2021-2026.xlsx,2026-08-28
iShares Nasdaq 100 Top 30 UCITS ETF USD (Acc),ETF,IE000Z7P04F4,Akkumulerende,QTOP.AS,AMS,https://finance.yahoo.com/quote/QTOP.AS/,lager,aktieindkomst,yes,ABIS 2026,https://skat.dk/media/euzdrcqh/august-2026-abis-liste-2021-2026.xlsx,2026-08-28
iShares NASDAQ 100 UCITS ETF EUR Hedged (Acc),ETF,IE00BYVQ9F29,Akkumulerende,NQSE.DE,GER,https://finance.yahoo.com/quote/NQSE.DE/,lager,aktieindkomst,yes,ABIS 2026,https://skat.dk/media/euzdrcqh/august-2026-abis-liste-2021-2026.xlsx,2026-08-28
iShares NASDAQ 100 UCITS ETF USD (Acc),ETF,IE00B53SZB19,Akkumulerende,CSNDX.SW,EBS,https://finance.yahoo.com/quote/CSNDX.SW/,lager,aktieindkomst,yes,ABIS 2026,https://skat.dk/media/euzdrcqh/august-2026-abis-liste-2021-2026.xlsx,2026-08-28
iShares Nasdaq US Biotechnology UCITS ETF USD (Acc),ETF,IE00BYXG2H39,Akkumulerende,BTEC.L,LSE,https://finance.yahoo.com/quote/BTEC.L/,lager,aktieindkomst,yes,ABIS 2026,https://skat.dk/media/euzdrcqh/august-2026-abis-liste-2021-2026.xlsx,2026-08-28
iShares Nikkei 225 UCITS ETF (DE),ETF,DE000A0H08D2,Distribuerende,EXX7.DE,GER,https://finance.yahoo.com/quote/EXX7.DE/,lager,aktieindkomst,yes,ABIS 2026,https://skat.dk/media/euzdrcqh/august-2026-abis-liste-2021-2026.xlsx,2026-08-28
iShares Oil & Gas Exploration & Production UCITS ETF USD (Acc),ETF,IE00B6R51Z18,Akkumulerende,IOGP.L,LSE,https://finance.yahoo.com/quote/IOGP.L/,lager,aktieindkomst,yes,ABIS 2026,https://skat.dk/media/euzdrcqh/august-2026-abis-liste-2021-2026.xlsx,2026-08-28
iShares Quantum Computing UCITS ETF USD (Acc),ETF,IE000C6ITGC8,Akkumulerende,QANT.AS,AMS,https://finance.yahoo.com/quote/QANT.AS/,lager,aktieindkomst,yes,ABIS 2026,https://skat.dk/media/euzdrcqh/august-2026-abis-liste-2021-2026.xlsx,2026-08-28
iShares S&P 500 3% Capped UCITS ETF EUR Hedged (Acc),ETF,IE0001ARVVZ9,Akkumulerende,CEPP.DE,GER,https://finance.yahoo.com/quote/CEPP.DE/,lager,aktieindkomst,yes,ABIS 2026,https://skat.dk/media/euzdrcqh/august-2026-abis-liste-2021-2026.xlsx,2026-08-28
iShares S&P 500 3% Capped UCITS ETF USD (Acc),ETF,IE000YIXESS9,Akkumulerende,SP3C.AS,AMS,https://finance.yahoo.com/quote/SP3C.AS/,lager,aktieindkomst,yes,ABIS 2026,https://skat.dk/media/euzdrcqh/august-2026-abis-liste-2021-2026.xlsx,2026-08-28
iShares S&P 500 Communication Sector UCITS ETF USD (Acc),ETF,IE00BDDRF478,Akkumulerende,IUCM.L,LSE,https://finance.yahoo.com/quote/IUCM.L/,lager,aktieindkomst,yes,ABIS 2026,https://skat.dk/media/euzdrcqh/august-2026-abis-liste-2021-2026.xlsx,2026-08-28
iShares S&P 500 Consumer Discretionary Sector UCITS ETF USD (Acc),ETF,IE00B4MCHD36,Akkumulerende,IUCD.L,LSE,https://finance.yahoo.com/quote/IUCD.L/,lager,aktieindkomst,yes,ABIS 2026,https://skat.dk/media/euzdrcqh/august-2026-abis-liste-2021-2026.xlsx,2026-08-28
iShares S&P 500 Consumer Staples Sector UCITS ETF USD (Acc),ETF,IE00B40B8R38,Akkumulerende,2B7D.DE,GER,https://finance.yahoo.com/quote/2B7D.DE/,lager,aktieindkomst,yes,ABIS 2026,https://skat.dk/media/euzdrcqh/august-2026-abis-liste-2021-2026.xlsx,2026-08-28
iShares S&P 500 Energy Sector UCITS ETF USD (Acc),ETF,IE00B42NKQ00,Akkumulerende,IUES.L,LSE,https://finance.yahoo.com/quote/IUES.L/,lager,aktieindkomst,yes,ABIS 2026,https://skat.dk/media/euzdrcqh/august-2026-abis-liste-2021-2026.xlsx,2026-08-28
iShares S&P 500 Financials Sector UCITS ETF USD (Acc),ETF,IE00B4JNQZ49,Akkumulerende,IUFS.L,LSE,https://finance.yahoo.com/quote/IUFS.L/,lager,aktieindkomst,yes,ABIS 2026,https://skat.dk/media/euzdrcqh/august-2026-abis-liste-2021-2026.xlsx,2026-08-28
iShares S&P 500 Health Care Sector UCITS ETF USD (Acc),ETF,IE00B43HR379,Akkumulerende,IUHC.L,LSE,https://finance.yahoo.com/quote/IUHC.L/,lager,aktieindkomst,yes,ABIS 2026,https://skat.dk/media/euzdrcqh/august-2026-abis-liste-2021-2026.xlsx,2026-08-28
iShares S&P 500 Industrials Sector UCITS ETF USD (Acc),ETF,IE00B4LN9N13,Akkumulerende,2B7C.DE,GER,https://finance.yahoo.com/quote/2B7C.DE/,lager,aktieindkomst,yes,ABIS 2026,https://skat.dk/media/euzdrcqh/august-2026-abis-liste-2021-2026.xlsx,2026-08-28
iShares S&P 500 Information Technology Sector UCITS ETF USD (Acc),ETF,IE00B3WJKG14,Akkumulerende,IUIT.L,LSE,https://finance.yahoo.com/quote/IUIT.L/,lager,aktieindkomst,yes,ABIS 2026,https://skat.dk/media/euzdrcqh/august-2026-abis-liste-2021-2026.xlsx,2026-08-28
iShares S&P 500 Materials Sector UCITS ETF USD (Acc),ETF,IE00B4MKCJ84,Akkumulerende,2B7B.DE,GER,https://finance.yahoo.com/quote/2B7B.DE/,lager,aktieindkomst,yes,ABIS 2026,https://skat.dk/media/euzdrcqh/august-2026-abis-liste-2021-2026.xlsx,2026-08-28
iShares S&P 500 Paris-Aligned Climate UCITS ETF USD (Acc),ETF,IE00BMXC7V63,Akkumulerende,UPAB.AS,AMS,https://finance.yahoo.com/quote/UPAB.AS/,lager,aktieindkomst,yes,ABIS 2026,https://skat.dk/media/euzdrcqh/august-2026-abis-liste-2021-2026.xlsx,2026-08-28
iShares S&P 500 Utilities Sector UCITS ETF USD (Acc),ETF,IE00B4KBBD01,Akkumulerende,2B7A.DE,GER,https://finance.yahoo.com/quote/2B7A.DE/,lager,aktieindkomst,yes,ABIS 2026,https://skat.dk/media/euzdrcqh/august-2026-abis-liste-2021-2026.xlsx,2026-08-28
iShares S&P SmallCap 600 UCITS ETF USD (Dist),ETF,IE00B2QWCY14,Distribuerende,IDP6.L,LSE,https://finance.yahoo.com/quote/IDP6.L/,lager,aktieindkomst,yes,ABIS 2026,https://skat.dk/media/euzdrcqh/august-2026-abis-liste-2021-2026.xlsx,2026-08-28
iShares S&P U.S. Banks UCITS ETF USD (Acc),ETF,IE00BD3V0B10,Akkumulerende,BNKS.L,LSE,https://finance.yahoo.com/quote/BNKS.L/,lager,aktieindkomst,yes,ABIS 2026,https://skat.dk/media/euzdrcqh/august-2026-abis-liste-2021-2026.xlsx,2026-08-28
iShares STOXX Europe 50 UCITS ETF EUR (Dist),ETF,IE0008470928,Distribuerende,EUN.MI,MIL,https://finance.yahoo.com/quote/EUN.MI/,lager,aktieindkomst,yes,ABIS 2026,https://skat.dk/media/euzdrcqh/august-2026-abis-liste-2021-2026.xlsx,2026-08-28
iShares STOXX Europe 600 Automobiles & Parts UCITS ETF (DE) EUR (Acc),ETF,DE000A2QP4A8,Akkumulerende,SAOT.AS,AMS,https://finance.yahoo.com/quote/SAOT.AS/,lager,aktieindkomst,yes,ABIS 2026,https://skat.dk/media/euzdrcqh/august-2026-abis-liste-2021-2026.xlsx,2026-08-28
iShares STOXX Europe 600 Automobiles & Parts UCITS ETF (DE) EUR (Dist),ETF,DE000A0Q4R28,Distribuerende,EXV5.DE,GER,https://finance.yahoo.com/quote/EXV5.DE/,lager,aktieindkomst,yes,ABIS 2026,https://skat.dk/media/euzdrcqh/august-2026-abis-liste-2021-2026.xlsx,2026-08-28
iShares STOXX Europe 600 Banks UCITS ETF (DE),ETF,DE000A0F5UJ7,Distribuerende,EXV1.DE,GER,https://finance.yahoo.com/quote/EXV1.DE/,lager,aktieindkomst,yes,ABIS 2026,https://skat.dk/media/euzdrcqh/august-2026-abis-liste-2021-2026.xlsx,2026-08-28
iShares STOXX Europe 600 Basic Resources UCITS ETF (DE),ETF,DE000A0F5UK5,Distribuerende,EXV6.DE,GER,https://finance.yahoo.com/quote/EXV6.DE/,lager,aktieindkomst,yes,ABIS 2026,https://skat.dk/media/euzdrcqh/august-2026-abis-liste-2021-2026.xlsx,2026-08-28
iShares STOXX Europe 600 Chemicals UCITS ETF (DE),ETF,DE000A0H08E0,Distribuerende,EXV7.DE,GER,https://finance.yahoo.com/quote/EXV7.DE/,lager,aktieindkomst,yes,ABIS 2026,https://skat.dk/media/euzdrcqh/august-2026-abis-liste-2021-2026.xlsx,2026-08-28
iShares STOXX Europe 600 Construction & Materials UCITS ETF (DE),ETF,DE000A0H08F7,Distribuerende,EXV8.DE,GER,https://finance.yahoo.com/quote/EXV8.DE/,lager,aktieindkomst,yes,ABIS 2026,https://skat.dk/media/euzdrcqh/august-2026-abis-liste-2021-2026.xlsx,2026-08-28
iShares STOXX Europe 600 Financial Services UCITS ETF (DE),ETF,DE000A0H08G5,Distribuerende,EXH2.DE,GER,https://finance.yahoo.com/quote/EXH2.DE/,lager,aktieindkomst,yes,ABIS 2026,https://skat.dk/media/euzdrcqh/august-2026-abis-liste-2021-2026.xlsx,2026-08-28
iShares STOXX Europe 600 Food & Beverage UCITS ETF (DE),ETF,DE000A0H08H3,Distribuerende,EXH3.DE,GER,https://finance.yahoo.com/quote/EXH3.DE/,lager,aktieindkomst,yes,ABIS 2026,https://skat.dk/media/euzdrcqh/august-2026-abis-liste-2021-2026.xlsx,2026-08-28
iShares STOXX Europe 600 Health Care UCITS ETF (DE),ETF,DE000A0Q4R36,Distribuerende,EXV4.DE,GER,https://finance.yahoo.com/quote/EXV4.DE/,lager,aktieindkomst,yes,ABIS 2026,https://skat.dk/media/euzdrcqh/august-2026-abis-liste-2021-2026.xlsx,2026-08-28
iShares STOXX Europe 600 Industrial Goods & Services UCITS ETF (DE),ETF,DE000A0H08J9,Distribuerende,EXH4.DE,GER,https://finance.yahoo.com/quote/EXH4.DE/,lager,aktieindkomst,yes,ABIS 2026,https://skat.dk/media/euzdrcqh/august-2026-abis-liste-2021-2026.xlsx,2026-08-28
iShares STOXX Europe 600 Insurance UCITS ETF (DE),ETF,DE000A0H08K7,Distribuerende,EXH5.DE,GER,https://finance.yahoo.com/quote/EXH5.DE/,lager,aktieindkomst,yes,ABIS 2026,https://skat.dk/media/euzdrcqh/august-2026-abis-liste-2021-2026.xlsx,2026-08-28
iShares STOXX Europe 600 Media UCITS ETF (DE),ETF,DE000A0H08L5,Distribuerende,EXH6.DE,GER,https://finance.yahoo.com/quote/EXH6.DE/,lager,aktieindkomst,yes,ABIS 2026,https://skat.dk/media/euzdrcqh/august-2026-abis-liste-2021-2026.xlsx,2026-08-28
iShares STOXX Europe 600 Oil & Gas UCITS ETF (DE),ETF,DE000A0H08M3,Distribuerende,EXH1.DE,GER,https://finance.yahoo.com/quote/EXH1.DE/,lager,aktieindkomst,yes,ABIS 2026,https://skat.dk/media/euzdrcqh/august-2026-abis-liste-2021-2026.xlsx,2026-08-28
iShares STOXX Europe 600 Personal & Household Goods UCITS ETF (DE),ETF,DE000A0H08N1,Distribuerende,EXH7.DE,GER,https://finance.yahoo.com/quote/EXH7.DE/,lager,aktieindkomst,yes,ABIS 2026,https://skat.dk/media/euzdrcqh/august-2026-abis-liste-2021-2026.xlsx,2026-08-28
iShares STOXX Europe 600 Retail UCITS ETF (DE),ETF,DE000A0H08P6,Distribuerende,EXH8.DE,GER,https://finance.yahoo.com/quote/EXH8.DE/,lager,aktieindkomst,yes,ABIS 2026,https://skat.dk/media/euzdrcqh/august-2026-abis-liste-2021-2026.xlsx,2026-08-28
iShares STOXX Europe 600 Technology UCITS ETF (DE) EUR (Dist),ETF,DE000A0H08Q4,Distribuerende,EXV3.DE,GER,https://finance.yahoo.com/quote/EXV3.DE/,lager,aktieindkomst,yes,ABIS 2026,https://skat.dk/media/euzdrcqh/august-2026-abis-liste-2021-2026.xlsx,2026-08-28
iShares STOXX Europe 600 Telecommunications UCITS ETF (DE),ETF,DE000A0H08R2,Distribuerende,EXV2.DE,GER,https://finance.yahoo.com/quote/EXV2.DE/,lager,aktieindkomst,yes,ABIS 2026,https://skat.dk/media/euzdrcqh/august-2026-abis-liste-2021-2026.xlsx,2026-08-28
iShares STOXX Europe 600 Travel & Leisure UCITS ETF (DE),ETF,DE000A0H08S0,Distribuerende,EXV9.DE,GER,https://finance.yahoo.com/quote/EXV9.DE/,lager,aktieindkomst,yes,ABIS 2026,https://skat.dk/media/euzdrcqh/august-2026-abis-liste-2021-2026.xlsx,2026-08-28
iShares STOXX Europe 600 UCITS ETF (DE) EUR (Acc),ETF,DE000A2QP4B6,Akkumulerende,EXIE.DE,GER,https://finance.yahoo.com/quote/EXIE.DE/,lager,aktieindkomst,yes,ABIS 2026,https://skat.dk/media/euzdrcqh/august-2026-abis-liste-2021-2026.xlsx,2026-08-28
iShares STOXX Europe 600 UCITS ETF (DE) EUR (Dist),ETF,DE0002635307,Distribuerende,EXSA.DE,GER,https://finance.yahoo.com/quote/EXSA.DE/,lager,aktieindkomst,yes,ABIS 2026,https://skat.dk/media/euzdrcqh/august-2026-abis-liste-2021-2026.xlsx,2026-08-28
iShares STOXX Europe 600 UCITS ETF EUR (Dist),ETF,IE0004YCLDW1,Distribuerende,STT6.DE,GER,https://finance.yahoo.com/quote/STT6.DE/,lager,aktieindkomst,yes,ABIS 2026,https://skat.dk/media/euzdrcqh/august-2026-abis-liste-2021-2026.xlsx,2026-08-28
iShares STOXX Europe 600 Utilities UCITS ETF (DE),ETF,DE000A0Q4R02,Distribuerende,EXH9.DE,GER,https://finance.yahoo.com/quote/EXH9.DE/,lager,aktieindkomst,yes,ABIS 2026,https://skat.dk/media/euzdrcqh/august-2026-abis-liste-2021-2026.xlsx,2026-08-28
iShares STOXX Europe Equity Multifactor UCITS ETF EUR (Acc),ETF,IE00BZ0PKV06,Akkumulerende,IBC0.DE,GER,https://finance.yahoo.com/quote/IBC0.DE/,lager,aktieindkomst,yes,ABIS 2026,https://skat.dk/media/euzdrcqh/august-2026-abis-liste-2021-2026.xlsx,2026-08-28
iShares STOXX Global Select Dividend 100 UCITS ETF (DE) EUR Hedged (Acc),ETF,DE000A2QP4F7,Akkumulerende,T05A.DE,GER,https://finance.yahoo.com/quote/T05A.DE/,lager,aktieindkomst,yes,ABIS 2026,https://skat.dk/media/euzdrcqh/august-2026-abis-liste-2021-2026.xlsx,2026-08-28
iShares STOXX World Equity Multifactor UCITS ETF EUR Hedged (Acc),ETF,IE00BYXPXK00,Akkumulerende,IS07.DE,GER,https://finance.yahoo.com/quote/IS07.DE/,lager,aktieindkomst,yes,ABIS 2026,https://skat.dk/media/euzdrcqh/august-2026-abis-liste-2021-2026.xlsx,2026-08-28
iShares STOXX World Equity Multifactor UCITS ETF USD (Acc),ETF,IE00BZ0PKT83,Akkumulerende,IFSW.L,LSE,https://finance.yahoo.com/quote/IFSW.L/,lager,aktieindkomst,yes,ABIS 2026,https://skat.dk/media/euzdrcqh/august-2026-abis-liste-2021-2026.xlsx,2026-08-28
iShares UK Dividend UCITS ETF GBP (Dist),ETF,IE00B0M63060,Distribuerende,IUKD.L,LSE,https://finance.yahoo.com/quote/IUKD.L/,lager,aktieindkomst,yes,ABIS 2026,https://skat.dk/media/euzdrcqh/august-2026-abis-liste-2021-2026.xlsx,2026-08-28
iShares US Medical Devices UCITS ETF USD (Acc),ETF,IE00BMX0DF60,Akkumulerende,UMDV.AS,AMS,https://finance.yahoo.com/quote/UMDV.AS/,lager,aktieindkomst,yes,ABIS 2026,https://skat.dk/media/euzdrcqh/august-2026-abis-liste-2021-2026.xlsx,2026-08-28
iShares World Equity Factor Rotation Active UCITS ETF USD (Acc),ETF,IE0009Y1MQJ2,Akkumulerende,FACT.AS,AMS,https://finance.yahoo.com/quote/FACT.AS/,lager,aktieindkomst,yes,ABIS 2026,https://skat.dk/media/euzdrcqh/august-2026-abis-liste-2021-2026.xlsx,2026-08-28
JPM BetaBuilders US Equity UCITS ETF - USD (acc),ETF,IE00BJK9H753,Akkumulerende,BBUS.L,LSE,https://finance.yahoo.com/quote/BBUS.L/,lager,aktieindkomst,yes,ABIS 2026,https://skat.dk/media/euzdrcqh/august-2026-abis-liste-2021-2026.xlsx,2026-08-28
JPM Europe Research Enhanced Index Equity (ESG) UCITS ETF - EUR (acc),ETF,IE00BF4G7183,Akkumulerende,JREE.L,LSE,https://finance.yahoo.com/quote/JREE.L/,lager,aktieindkomst,yes,ABIS 2026,https://skat.dk/media/euzdrcqh/august-2026-abis-liste-2021-2026.xlsx,2026-08-28
JPM Europe Research Enhanced Index Equity (ESG) UCITS ETF - EUR (dist),ETF,IE000WGK3YY5,Distribuerende,JERD.L,LSE,https://finance.yahoo.com/quote/JERD.L/,lager,aktieindkomst,yes,ABIS 2026,https://skat.dk/media/euzdrcqh/august-2026-abis-liste-2021-2026.xlsx,2026-08-28
JPM Global Emerging Markets Research Enhanced Index Equity (ESG) UCITS ETF - USD (acc),ETF,IE00BF4G6Z54,Akkumulerende,JREM.L,LSE,https://finance.yahoo.com/quote/JREM.L/,lager,aktieindkomst,yes,ABIS 2026,https://skat.dk/media/euzdrcqh/august-2026-abis-liste-2021-2026.xlsx,2026-08-28
JPM Global Equity Multi-Factor UCITS ETF - USD (acc),ETF,IE00BJRCLL96,Akkumulerende,JPGL.L,LSE,https://finance.yahoo.com/quote/JPGL.L/,lager,aktieindkomst,yes,ABIS 2026,https://skat.dk/media/euzdrcqh/august-2026-abis-liste-2021-2026.xlsx,2026-08-28
JPM Global Research Enhanced Index Equity (ESG) UCITS ETF - USD (acc),ETF,IE00BF4G6Y48,Akkumulerende,JREG.L,LSE,https://finance.yahoo.com/quote/JREG.L/,lager,aktieindkomst,yes,ABIS 2026,https://skat.dk/media/euzdrcqh/august-2026-abis-liste-2021-2026.xlsx,2026-08-28
JPM Global Research Enhanced Index Equity (ESG) UCITS ETF - USD (dist),ETF,IE000HFXP0D2,Distribuerende,JRGD.L,LSE,https://finance.yahoo.com/quote/JRGD.L/,lager,aktieindkomst,yes,ABIS 2026,https://skat.dk/media/euzdrcqh/august-2026-abis-liste-2021-2026.xlsx,2026-08-28
JPM Global Research Enhanced Index Equity SRI Paris Aligned UCITS ETF - EUR (acc),ETF,IE0003JSNHV9,Akkumulerende,JEGS.DE,GER,https://finance.yahoo.com/quote/JEGS.DE/,lager,aktieindkomst,yes,ABIS 2026,https://skat.dk/media/euzdrcqh/august-2026-abis-liste-2021-2026.xlsx,2026-08-28
JPM Global Research Enhanced Index Equity SRI Paris Aligned UCITS ETF - USD (acc),ETF,IE000BXC49I6,Akkumulerende,JSEG.L,LSE,https://finance.yahoo.com/quote/JSEG.L/,lager,aktieindkomst,yes,ABIS 2026,https://skat.dk/media/euzdrcqh/august-2026-abis-liste-2021-2026.xlsx,2026-08-28
JPM Global Research Enhanced Index Equity SRI Paris Aligned UCITS ETF - USD (dist),ETF,IE000FYTRRJ6,Distribuerende,JSGD.L,LSE,https://finance.yahoo.com/quote/JSGD.L/,lager,aktieindkomst,yes,ABIS 2026,https://skat.dk/media/euzdrcqh/august-2026-abis-liste-2021-2026.xlsx,2026-08-28
JPM Japan Research Enhanced Index Equity (ESG) UCITS ETF - USD (acc),ETF,IE00BP2NF958,Akkumulerende,JREJ.L,LSE,https://finance.yahoo.com/quote/JREJ.L/,lager,aktieindkomst,yes,ABIS 2026,https://skat.dk/media/euzdrcqh/august-2026-abis-liste-2021-2026.xlsx,2026-08-28
JPM Japan Research Enhanced Index Equity (ESG) UCITS ETF - USD (dist),ETF,IE00005YSIA4,Distribuerende,JREI.L,LSE,https://finance.yahoo.com/quote/JREI.L/,lager,aktieindkomst,yes,ABIS 2026,https://skat.dk/media/euzdrcqh/august-2026-abis-liste-2021-2026.xlsx,2026-08-28
JPM US Research Enhanced Index Equity (ESG) UCITS ETF - EUR Hedged (acc),ETF,IE000CN8T855,Akkumulerende,JUHE.DE,GER,https://finance.yahoo.com/quote/JUHE.DE/,lager,aktieindkomst,yes,ABIS 2026,https://skat.dk/media/euzdrcqh/august-2026-abis-liste-2021-2026.xlsx,2026-08-28
JPM US Research Enhanced Index Equity (ESG) UCITS ETF - USD (acc),ETF,IE00BF4G7076,Akkumulerende,JREU.L,LSE,https://finance.yahoo.com/quote/JREU.L/,lager,aktieindkomst,yes,ABIS 2026,https://skat.dk/media/euzdrcqh/august-2026-abis-liste-2021-2026.xlsx,2026-08-28
JPM US Research Enhanced Index Equity (ESG) UCITS ETF - USD (dist),ETF,IE00BJ06C044,Distribuerende,JRUD.L,LSE,https://finance.yahoo.com/quote/JRUD.L/,lager,aktieindkomst,yes,ABIS 2026,https://skat.dk/media/euzdrcqh/august-2026-abis-liste-2021-2026.xlsx,2026-08-28
JPM US Research Enhanced Index Equity SRI Paris Aligned UCITS ETF - EUR (acc),ETF,IE000I5MBLC4,Akkumulerende,JEUS.DE,GER,https://finance.yahoo.com/quote/JEUS.DE/,lager,aktieindkomst,yes,ABIS 2026,https://skat.dk/media/euzdrcqh/august-2026-abis-liste-2021-2026.xlsx,2026-08-28
JPM US Research Enhanced Index Equity SRI Paris Aligned UCITS ETF - USD (acc),ETF,IE00069JGT58,Akkumulerende,JSEU.L,LSE,https://finance.yahoo.com/quote/JSEU.L/,lager,aktieindkomst,yes,ABIS 2026,https://skat.dk/media/euzdrcqh/august-2026-abis-liste-2021-2026.xlsx,2026-08-28
JPM US Research Enhanced Index Equity SRI Paris Aligned UCITS ETF - USD (dist),ETF,IE0002UMVXQ1,Distribuerende,JSUD.L,LSE,https://finance.yahoo.com/quote/JSUD.L/,lager,aktieindkomst,yes,ABIS 2026,https://skat.dk/media/euzdrcqh/august-2026-abis-liste-2021-2026.xlsx,2026-08-28
JURY Global High Dividend UCITS ETF - Dist,ETF,IE0002HWPU75,Distribuerende,JURY.L,LSE,https://finance.yahoo.com/quote/JURY.L/,lager,aktieindkomst,yes,ABIS 2026,https://skat.dk/media/euzdrcqh/august-2026-abis-liste-2021-2026.xlsx,2026-08-28
L&G Artificial Intelligence UCITS ETF - USD Acc,ETF,IE00BK5BCD43,Akkumulerende,AIAG.L,LSE,https://finance.yahoo.com/quote/AIAG.L/,lager,aktieindkomst,yes,ABIS 2026,https://skat.dk/media/euzdrcqh/august-2026-abis-liste-2021-2026.xlsx,2026-08-28
L&G Battery Value-Chain UCITS ETF - USD Acc,ETF,IE00BF0M2Z96,Akkumulerende,BATT.L,LSE,https://finance.yahoo.com/quote/BATT.L/,lager,aktieindkomst,yes,ABIS 2026,https://skat.dk/media/euzdrcqh/august-2026-abis-liste-2021-2026.xlsx,2026-08-28
L&G Clean Energy UCITS ETF - USD Acc,ETF,IE00BK5BCH80,Akkumulerende,RENW.L,LSE,https://finance.yahoo.com/quote/RENW.L/,lager,aktieindkomst,yes,ABIS 2026,https://skat.dk/media/euzdrcqh/august-2026-abis-liste-2021-2026.xlsx,2026-08-28
L&G Clean Water UCITS ETF - USD Acc,ETF,IE00BK5BC891,Akkumulerende,GLUG.L,LSE,https://finance.yahoo.com/quote/GLUG.L/,lager,aktieindkomst,yes,ABIS 2026,https://skat.dk/media/euzdrcqh/august-2026-abis-liste-2021-2026.xlsx,2026-08-28
L&G Cyber Security UCITS ETF - USD Acc,ETF,IE00BYPLS672,Akkumulerende,USPY.L,LSE,https://finance.yahoo.com/quote/USPY.L/,lager,aktieindkomst,yes,ABIS 2026,https://skat.dk/media/euzdrcqh/august-2026-abis-liste-2021-2026.xlsx,2026-08-28
L&G Ecommerce Logistics UCITS ETF - USD Acc,ETF,IE00BF0M6N54,Akkumulerende,ECOM.L,LSE,https://finance.yahoo.com/quote/ECOM.L/,lager,aktieindkomst,yes,ABIS 2026,https://skat.dk/media/euzdrcqh/august-2026-abis-liste-2021-2026.xlsx,2026-08-28
L&G Hydrogen Economy UCITS ETF - USD Acc,ETF,IE00BMYDM794,Akkumulerende,HTWO.L,LSE,https://finance.yahoo.com/quote/HTWO.L/,lager,aktieindkomst,yes,ABIS 2026,https://skat.dk/media/euzdrcqh/august-2026-abis-liste-2021-2026.xlsx,2026-08-28
L&G ROBO Global Robotics and Automation UCITS ETF - USD Acc,ETF,IE00BMW3QX54,Akkumulerende,ROBO.L,LSE,https://finance.yahoo.com/quote/ROBO.L/,lager,aktieindkomst,yes,ABIS 2026,https://skat.dk/media/euzdrcqh/august-2026-abis-liste-2021-2026.xlsx,2026-08-28
Lyxor EURO STOXX 50 (DR) UCITS ETF - Acc,ETF,FR0007054358,Akkumulerende,MSE.PA,PAR,https://finance.yahoo.com/quote/MSE.PA/,lager,aktieindkomst,yes,ABIS 2026,https://skat.dk/media/euzdrcqh/august-2026-abis-liste-2021-2026.xlsx,2026-08-28
Lyxor MSCI AC Asia Pacific Ex Japan UCITS ETF - Acc,ETF,LU1900068328,Akkumulerende,AEJ.PA,PAR,https://finance.yahoo.com/quote/AEJ.PA/,lager,aktieindkomst,yes,ABIS 2026,https://skat.dk/media/euzdrcqh/august-2026-abis-liste-2021-2026.xlsx,2026-08-28
Lyxor MSCI Eastern Europe ex Russia UCITS ETF - Acc,ETF,LU1900066462,Akkumulerende,CEC.PA,PAR,https://finance.yahoo.com/quote/CEC.PA/,lager,aktieindkomst,yes,ABIS 2026,https://skat.dk/media/euzdrcqh/august-2026-abis-liste-2021-2026.xlsx,2026-08-28
Lyxor STOXX Europe 600 Real Estate UCITS ETF - Dist,ETF,LU1812091194,Distribuerende,MEH.PA,PAR,https://finance.yahoo.com/quote/MEH.PA/,lager,aktieindkomst,yes,ABIS 2026,https://skat.dk/media/euzdrcqh/august-2026-abis-liste-2021-2026.xlsx,2026-08-28
Making Europe Great Again UCITS ETF,ETF,IE0007WMHDE3,Akkumulerende,8GRT.DE,GER,https://finance.yahoo.com/quote/8GRT.DE/,lager,aktieindkomst,yes,ABIS 2026,https://skat.dk/media/euzdrcqh/august-2026-abis-liste-2021-2026.xlsx,2026-08-28
Rize Cybersecurity and Data Privacy UCITS ETF - USD Acc,ETF,IE00BJXRZJ40,Akkumulerende,CYBP.L,LSE,https://finance.yahoo.com/quote/CYBP.L/,lager,aktieindkomst,yes,ABIS 2026,https://skat.dk/media/euzdrcqh/august-2026-abis-liste-2021-2026.xlsx,2026-08-28
Rize Environmental Impact 100 UCITS ETF - USD Acc,ETF,IE00BLRPRR04,Akkumulerende,LIFE.L,LSE,https://finance.yahoo.com/quote/LIFE.L/,lager,aktieindkomst,yes,ABIS 2026,https://skat.dk/media/euzdrcqh/august-2026-abis-liste-2021-2026.xlsx,2026-08-28
Rize Sustainable Future of Food UCITS ETF,ETF,IE00BLRPQH31,Akkumulerende,FOOD.L,LSE,https://finance.yahoo.com/quote/FOOD.L/,lager,aktieindkomst,yes,ABIS 2026,https://skat.dk/media/euzdrcqh/august-2026-abis-liste-2021-2026.xlsx,2026-08-28
SPDR MSCI ACWI IMI UCITS ETF,ETF,IE00B3YLTY66,Akkumulerende,IMID.L,LSE,https://finance.yahoo.com/quote/IMID.L/,lager,aktieindkomst,yes,ABIS 2026,https://skat.dk/media/euzdrcqh/august-2026-abis-liste-2021-2026.xlsx,2026-08-28
SPDR MSCI Europe Small Cap Value Weighted UCITS ETF,ETF,IE00BSPLC298,Akkumulerende,ZPRX.DE,GER,https://finance.yahoo.com/quote/ZPRX.DE/,lager,aktieindkomst,yes,ABIS 2026,https://skat.dk/media/euzdrcqh/august-2026-abis-liste-2021-2026.xlsx,2026-08-28
SPDR MSCI World Technology UCITS ETF,ETF,IE00BYTRRD19,Akkumulerende,WTEC.L,LSE,https://finance.yahoo.com/quote/WTEC.L/,lager,aktieindkomst,yes,ABIS 2026,https://skat.dk/media/euzdrcqh/august-2026-abis-liste-2021-2026.xlsx,2026-08-28
SPDR S&P 400 U.S. Mid Cap UCITS ETF (Acc),ETF,IE00B4YBJ215,Akkumulerende,SPY4.L,LSE,https://finance.yahoo.com/quote/SPY4.L/,lager,aktieindkomst,yes,ABIS 2026,https://skat.dk/media/euzdrcqh/august-2026-abis-liste-2021-2026.xlsx,2026-08-28
Sprott Silver Miners & Physical Silver UCITS ETF - Acc,ETF,IE0008WICO06,Akkumulerende,SLVM.L,LSE,https://finance.yahoo.com/quote/SLVM.L/,lager,aktieindkomst,yes,ABIS 2026,https://skat.dk/media/euzdrcqh/august-2026-abis-liste-2021-2026.xlsx,2026-08-28
SS SPDR MSCI USA Small Cap Value Weighted UCITS ETF,ETF,IE00BSPLC413,Akkumulerende,USSC.L,LSE,https://finance.yahoo.com/quote/USSC.L/,lager,aktieindkomst,yes,ABIS 2026,https://skat.dk/media/euzdrcqh/august-2026-abis-liste-2021-2026.xlsx,2026-08-28
State Street SPDR MSCI All Country World UCITS ETF (Acc),ETF,IE00B44Z5B48,Akkumulerende,ACWD.L,LSE,https://finance.yahoo.com/quote/ACWD.L/,lager,aktieindkomst,yes,ABIS 2026,https://skat.dk/media/euzdrcqh/august-2026-abis-liste-2021-2026.xlsx,2026-08-28
State Street SPDR MSCI World UCITS ETF,ETF,IE00BFY0GT14,Akkumulerende,SWRD.L,LSE,https://finance.yahoo.com/quote/SWRD.L/,lager,aktieindkomst,yes,ABIS 2026,https://skat.dk/media/euzdrcqh/august-2026-abis-liste-2021-2026.xlsx,2026-08-28
State Street SPDR RUSSELL 2000 U.S. Small Cap UCITS ETF (Acc),ETF,IE00BJ38QD84,Akkumulerende,R2US.L,LSE,https://finance.yahoo.com/quote/R2US.L/,lager,aktieindkomst,yes,ABIS 2026,https://skat.dk/media/euzdrcqh/august-2026-abis-liste-2021-2026.xlsx,2026-08-28
VanEck Bionic Engineering UCITS ETF,ETF,IE0005TF96I9,Akkumulerende,CYBO.SW,EBS,https://finance.yahoo.com/quote/CYBO.SW/,lager,aktieindkomst,yes,ABIS 2026,https://skat.dk/media/euzdrcqh/august-2026-abis-liste-2021-2026.xlsx,2026-08-28
VanEck Circular Economy UCITS ETF,ETF,IE0001J5A2T9,Akkumulerende,REUS.L,LSE,https://finance.yahoo.com/quote/REUS.L/,lager,aktieindkomst,yes,ABIS 2026,https://skat.dk/media/euzdrcqh/august-2026-abis-liste-2021-2026.xlsx,2026-08-28
VanEck Crypto and Blockchain Innovators UCITS ETF,ETF,IE00BMDKNW35,Akkumulerende,DAGB.L,LSE,https://finance.yahoo.com/quote/DAGB.L/,lager,aktieindkomst,yes,ABIS 2026,https://skat.dk/media/euzdrcqh/august-2026-abis-liste-2021-2026.xlsx,2026-08-28
VanEck Defense UCITS ETF,ETF,IE000YYE6WK5,Akkumulerende,DFEN.DE,GER,https://finance.yahoo.com/quote/DFEN.DE/,lager,aktieindkomst,yes,ABIS 2026,https://skat.dk/media/euzdrcqh/august-2026-abis-liste-2021-2026.xlsx,2026-08-28
VanEck Electrification and Power Infrastructure UCITS ETF,ETF,IE000YYVSM16,Akkumulerende,PIKA.L,LSE,https://finance.yahoo.com/quote/PIKA.L/,lager,aktieindkomst,yes,ABIS 2026,https://skat.dk/media/euzdrcqh/august-2026-abis-liste-2021-2026.xlsx,2026-08-28
Vaneck European Equal Weight Screened UCITS ETF,ETF,NL0010731816,Distribuerende,TEET.AS,AMS,https://finance.yahoo.com/quote/TEET.AS/,lager,aktieindkomst,yes,ABIS 2026,https://skat.dk/media/euzdrcqh/august-2026-abis-liste-2021-2026.xlsx,2026-08-28
VanEck Global Mining UCITS ETF,ETF,IE00BDFBTQ78,Akkumulerende,GDIG.L,LSE,https://finance.yahoo.com/quote/GDIG.L/,lager,aktieindkomst,yes,ABIS 2026,https://skat.dk/media/euzdrcqh/august-2026-abis-liste-2021-2026.xlsx,2026-08-28
VanEck Gold Miners UCITS ETF,ETF,IE00BQQP9F84,Akkumulerende,GDX.L,LSE,https://finance.yahoo.com/quote/GDX.L/,lager,aktieindkomst,yes,ABIS 2026,https://skat.dk/media/euzdrcqh/august-2026-abis-liste-2021-2026.xlsx,2026-08-28
VanEck Hydrogen Economy UCITS ETF,ETF,IE00BMDH1538,Akkumulerende,HDRO.L,LSE,https://finance.yahoo.com/quote/HDRO.L/,lager,aktieindkomst,yes,ABIS 2026,https://skat.dk/media/euzdrcqh/august-2026-abis-liste-2021-2026.xlsx,2026-08-28
VanEck Junior Gold Miners UCITS ETF,ETF,IE00BQQP9G91,Akkumulerende,GDXJ.L,LSE,https://finance.yahoo.com/quote/GDXJ.L/,lager,aktieindkomst,yes,ABIS 2026,https://skat.dk/media/euzdrcqh/august-2026-abis-liste-2021-2026.xlsx,2026-08-28
VanEck Morningstar Developed Markets Dividend Leaders UCITS ETF,ETF,NL0011683594,Distribuerende,TDIV.AS,AMS,https://finance.yahoo.com/quote/TDIV.AS/,lager,aktieindkomst,yes,ABIS 2026,https://skat.dk/media/euzdrcqh/august-2026-abis-liste-2021-2026.xlsx,2026-08-28
VanEck Morningstar Developed Markets ex-US Dividend Leaders UCITS ETF,ETF,IE000QYDXKV5,Akkumulerende,TDVX.L,LSE,https://finance.yahoo.com/quote/TDVX.L/,lager,aktieindkomst,yes,ABIS 2026,https://skat.dk/media/euzdrcqh/august-2026-abis-liste-2021-2026.xlsx,2026-08-28
VanEck Morningstar Global Wide Moat UCITS ETF,ETF,IE00BL0BMZ89,Akkumulerende,GOAT.L,LSE,https://finance.yahoo.com/quote/GOAT.L/,lager,aktieindkomst,yes,ABIS 2026,https://skat.dk/media/euzdrcqh/august-2026-abis-liste-2021-2026.xlsx,2026-08-28
VanEck Morningstar US ESG Wide Moat UCITS ETF,ETF,IE00BQQP9H09,Akkumulerende,MOAT.L,LSE,https://finance.yahoo.com/quote/MOAT.L/,lager,aktieindkomst,yes,ABIS 2026,https://skat.dk/media/euzdrcqh/august-2026-abis-liste-2021-2026.xlsx,2026-08-28
VanEck New China UCITS ETF,ETF,IE0000H445G8,Akkumulerende,CNEW.L,LSE,https://finance.yahoo.com/quote/CNEW.L/,lager,aktieindkomst,yes,ABIS 2026,https://skat.dk/media/euzdrcqh/august-2026-abis-liste-2021-2026.xlsx,2026-08-28
VanEck Oil Services UCITS ETF,ETF,IE000NXF88S1,Akkumulerende,OIHV.L,LSE,https://finance.yahoo.com/quote/OIHV.L/,lager,aktieindkomst,yes,ABIS 2026,https://skat.dk/media/euzdrcqh/august-2026-abis-liste-2021-2026.xlsx,2026-08-28
VanEck Rare Earth and Strategic Metals UCITS ETF,ETF,IE0002PG6CA6,Akkumulerende,REMX.L,LSE,https://finance.yahoo.com/quote/REMX.L/,lager,aktieindkomst,yes,ABIS 2026,https://skat.dk/media/euzdrcqh/august-2026-abis-liste-2021-2026.xlsx,2026-08-28
VanEck Semiconductor UCITS ETF - USD Acc,ETF,IE00BMC38736,Akkumulerende,SMH.L,LSE,https://finance.yahoo.com/quote/SMH.L/,lager,aktieindkomst,yes,ABIS 2026,https://skat.dk/media/euzdrcqh/august-2026-abis-liste-2021-2026.xlsx,2026-08-28
VanEck Space Innovators UCITS ETF,ETF,IE000YU9K6K2,Akkumulerende,JEDI.L,LSE,https://finance.yahoo.com/quote/JEDI.L/,lager,aktieindkomst,yes,ABIS 2026,https://skat.dk/media/euzdrcqh/august-2026-abis-liste-2021-2026.xlsx,2026-08-28
VanEck Sustainable Future of Food UCITS ETF,ETF,IE0005B8WVT6,Akkumulerende,VEGI.L,LSE,https://finance.yahoo.com/quote/VEGI.L/,lager,aktieindkomst,yes,ABIS 2026,https://skat.dk/media/euzdrcqh/august-2026-abis-liste-2021-2026.xlsx,2026-08-28
VanEck Uranium and Nuclear Technologies UCITS ETF,ETF,IE000M7V94E1,Akkumulerende,NUCL.L,LSE,https://finance.yahoo.com/quote/NUCL.L/,lager,aktieindkomst,yes,ABIS 2026,https://skat.dk/media/euzdrcqh/august-2026-abis-liste-2021-2026.xlsx,2026-08-28
VanEck Video Gaming and eSports UCITS ETF,ETF,IE00BYWQWR46,Akkumulerende,ESPO.L,LSE,https://finance.yahoo.com/quote/ESPO.L/,lager,aktieindkomst,yes,ABIS 2026,https://skat.dk/media/euzdrcqh/august-2026-abis-liste-2021-2026.xlsx,2026-08-28
VanEck World Equal Weight Screened UCITS ETF,ETF,NL0010408704,Distribuerende,TSWE.AS,AMS,https://finance.yahoo.com/quote/TSWE.AS/,lager,aktieindkomst,yes,ABIS 2026,https://skat.dk/media/euzdrcqh/august-2026-abis-liste-2021-2026.xlsx,2026-08-28
WisdomTree AI Infrastructure UCITS ETF - USD Acc,ETF,IE000XHZP7D3,Akkumulerende,WAGI.SW,EBS,https://finance.yahoo.com/quote/WAGI.SW/,lager,aktieindkomst,yes,ABIS 2026,https://skat.dk/media/euzdrcqh/august-2026-abis-liste-2021-2026.xlsx,2026-08-28
WisdomTree Artificial Intelligence UCITS ETF – USD Acc,ETF,IE00BDVPNG13,Akkumulerende,WTAI.L,LSE,https://finance.yahoo.com/quote/WTAI.L/,lager,aktieindkomst,yes,ABIS 2026,https://skat.dk/media/euzdrcqh/august-2026-abis-liste-2021-2026.xlsx,2026-08-28
WisdomTree Asia Defence UCITS ETF - USD Acc,ETF,IE000017NMH7,Akkumulerende,WDAF.SW,EBS,https://finance.yahoo.com/quote/WDAF.SW/,lager,aktieindkomst,yes,ABIS 2026,https://skat.dk/media/euzdrcqh/august-2026-abis-liste-2021-2026.xlsx,2026-08-28
WisdomTree Battery Solutions UCITS ETF – USD Acc,ETF,IE00BKLF1R75,Akkumulerende,CHRG.L,LSE,https://finance.yahoo.com/quote/CHRG.L/,lager,aktieindkomst,yes,ABIS 2026,https://skat.dk/media/euzdrcqh/august-2026-abis-liste-2021-2026.xlsx,2026-08-28
WisdomTree BioRevolution UCITS ETF - USD Acc,ETF,IE000O8KMPM1,Akkumulerende,WDNA.L,LSE,https://finance.yahoo.com/quote/WDNA.L/,lager,aktieindkomst,yes,ABIS 2026,https://skat.dk/media/euzdrcqh/august-2026-abis-liste-2021-2026.xlsx,2026-08-28
WisdomTree Blockchain UCITS ETF - USD Acc,ETF,IE000940RNE6,Akkumulerende,WBLK.L,LSE,https://finance.yahoo.com/quote/WBLK.L/,lager,aktieindkomst,yes,ABIS 2026,https://skat.dk/media/euzdrcqh/august-2026-abis-liste-2021-2026.xlsx,2026-08-28
WisdomTree Cloud Computing UCITS ETF - USD Acc,ETF,IE00BJGWQN72,Akkumulerende,WCLD.L,LSE,https://finance.yahoo.com/quote/WCLD.L/,lager,aktieindkomst,yes,ABIS 2026,https://skat.dk/media/euzdrcqh/august-2026-abis-liste-2021-2026.xlsx,2026-08-28
WisdomTree Cybersecurity UCITS ETF - USD Acc,ETF,IE00BLPK3577,Akkumulerende,WCBR.L,LSE,https://finance.yahoo.com/quote/WCBR.L/,lager,aktieindkomst,yes,ABIS 2026,https://skat.dk/media/euzdrcqh/august-2026-abis-liste-2021-2026.xlsx,2026-08-28
WisdomTree Emerging Markets ex-State-Owned Enterprises UCITS ETF - Acc,ETF,IE00BM9TSP27,Akkumulerende,XSOE.L,LSE,https://finance.yahoo.com/quote/XSOE.L/,lager,aktieindkomst,yes,ABIS 2026,https://skat.dk/media/euzdrcqh/august-2026-abis-liste-2021-2026.xlsx,2026-08-28
WisdomTree Emerging Markets High Dividend UCITS ETF,ETF,IE00BQQ3Q067,Distribuerende,DEMD.L,LSE,https://finance.yahoo.com/quote/DEMD.L/,lager,aktieindkomst,yes,ABIS 2026,https://skat.dk/media/euzdrcqh/august-2026-abis-liste-2021-2026.xlsx,2026-08-28
WisdomTree Emerging Markets High Dividend UCITS ETF - Acc,ETF,IE00BDF12W49,Akkumulerende,DEMR.L,LSE,https://finance.yahoo.com/quote/DEMR.L/,lager,aktieindkomst,yes,ABIS 2026,https://skat.dk/media/euzdrcqh/august-2026-abis-liste-2021-2026.xlsx,2026-08-28
WisdomTree Emerging Markets SmallCap Dividend UCITS ETF,ETF,IE00BQZJBM26,Distribuerende,DGSD.L,LSE,https://finance.yahoo.com/quote/DGSD.L/,lager,aktieindkomst,yes,ABIS 2026,https://skat.dk/media/euzdrcqh/august-2026-abis-liste-2021-2026.xlsx,2026-08-28
WisdomTree Europe Equity UCITS ETF - USD Hedged,ETF,IE00BVXBH163,Distribuerende,HEDJ.L,LSE,https://finance.yahoo.com/quote/HEDJ.L/,lager,aktieindkomst,yes,ABIS 2026,https://skat.dk/media/euzdrcqh/august-2026-abis-liste-2021-2026.xlsx,2026-08-28
WisdomTree Europe Equity UCITS ETF – EUR Acc,ETF,IE00BYQCZX56,Akkumulerende,HEDF.L,LSE,https://finance.yahoo.com/quote/HEDF.L/,lager,aktieindkomst,yes,ABIS 2026,https://skat.dk/media/euzdrcqh/august-2026-abis-liste-2021-2026.xlsx,2026-08-28
WisdomTree Europe High Dividend UCITS ETF,ETF,IE00BQZJBX31,Distribuerende,EEIE.L,LSE,https://finance.yahoo.com/quote/EEIE.L/,lager,aktieindkomst,yes,ABIS 2026,https://skat.dk/media/euzdrcqh/august-2026-abis-liste-2021-2026.xlsx,2026-08-28
WisdomTree Europe SmallCap Dividend UCITS ETF,ETF,IE00BQZJC527,Distribuerende,DFE.L,LSE,https://finance.yahoo.com/quote/DFE.L/,lager,aktieindkomst,yes,ABIS 2026,https://skat.dk/media/euzdrcqh/august-2026-abis-liste-2021-2026.xlsx,2026-08-28
WisdomTree Europe SmallCap Dividend UCITS ETF - Acc,ETF,IE00BDF16114,Akkumulerende,DFEP.L,LSE,https://finance.yahoo.com/quote/DFEP.L/,lager,aktieindkomst,yes,ABIS 2026,https://skat.dk/media/euzdrcqh/august-2026-abis-liste-2021-2026.xlsx,2026-08-28
WisdomTree Europe Value UCITS ETF - EUR Acc,ETF,IE0005HNE843,Akkumulerende,WTVE.L,LSE,https://finance.yahoo.com/quote/WTVE.L/,lager,aktieindkomst,yes,ABIS 2026,https://skat.dk/media/euzdrcqh/august-2026-abis-liste-2021-2026.xlsx,2026-08-28
WisdomTree Eurozone Quality Dividend Growth UCITS - EUR Acc,ETF,IE00BZ56TQ67,Akkumulerende,EGRA.L,LSE,https://finance.yahoo.com/quote/EGRA.L/,lager,aktieindkomst,yes,ABIS 2026,https://skat.dk/media/euzdrcqh/august-2026-abis-liste-2021-2026.xlsx,2026-08-28
WisdomTree Global Defence UCITS ETF - USD Acc,ETF,IE000KLC2EN9,Akkumulerende,WDGF.SW,EBS,https://finance.yahoo.com/quote/WDGF.SW/,lager,aktieindkomst,yes,ABIS 2026,https://skat.dk/media/euzdrcqh/august-2026-abis-liste-2021-2026.xlsx,2026-08-28
WisdomTree Global Efficient Core UCITS ETF - USD Acc,ETF,IE00077IIPQ8,Akkumulerende,NTSG.L,LSE,https://finance.yahoo.com/quote/NTSG.L/,lager,aktieindkomst,yes,ABIS 2026,https://skat.dk/media/euzdrcqh/august-2026-abis-liste-2021-2026.xlsx,2026-08-28
WisdomTree Global High Dividend UCITS ETF - USD,ETF,IE000Q0CAPZ0,Distribuerende,WDIV.SW,EBS,https://finance.yahoo.com/quote/WDIV.SW/,lager,aktieindkomst,yes,ABIS 2026,https://skat.dk/media/euzdrcqh/august-2026-abis-liste-2021-2026.xlsx,2026-08-28
WisdomTree Global Quality Dividend Growth UCITS ETF - EUR Hedged Acc,ETF,IE0007M3MLF3,Akkumulerende,GGRE.MI,MIL,https://finance.yahoo.com/quote/GGRE.MI/,lager,aktieindkomst,yes,ABIS 2026,https://skat.dk/media/euzdrcqh/august-2026-abis-liste-2021-2026.xlsx,2026-08-28
WisdomTree Global Quality Dividend Growth UCITS ETF - USD,ETF,IE00BZ56RN96,Distribuerende,GGRW.L,LSE,https://finance.yahoo.com/quote/GGRW.L/,lager,aktieindkomst,yes,ABIS 2026,https://skat.dk/media/euzdrcqh/august-2026-abis-liste-2021-2026.xlsx,2026-08-28
WisdomTree Global Quality Dividend Growth UCITS ETF - USD Acc,ETF,IE00BZ56SW52,Akkumulerende,GGRA.L,LSE,https://finance.yahoo.com/quote/GGRA.L/,lager,aktieindkomst,yes,ABIS 2026,https://skat.dk/media/euzdrcqh/august-2026-abis-liste-2021-2026.xlsx,2026-08-28
WisdomTree Global Sustainable Equity UCITS ETF - USD Acc,ETF,IE000XNILW20,Akkumulerende,WSDG.L,LSE,https://finance.yahoo.com/quote/WSDG.L/,lager,aktieindkomst,yes,ABIS 2026,https://skat.dk/media/euzdrcqh/august-2026-abis-liste-2021-2026.xlsx,2026-08-28
WisdomTree Global Value UCITS ETF - USD Acc,ETF,IE000D1017N2,Akkumulerende,WTVG.L,LSE,https://finance.yahoo.com/quote/WTVG.L/,lager,aktieindkomst,yes,ABIS 2026,https://skat.dk/media/euzdrcqh/august-2026-abis-liste-2021-2026.xlsx,2026-08-28
WisdomTree India Earnings UCITS ETF - USD Acc,ETF,IE000VCYXLY9,Akkumulerende,EPI.L,LSE,https://finance.yahoo.com/quote/EPI.L/,lager,aktieindkomst,yes,ABIS 2026,https://skat.dk/media/euzdrcqh/august-2026-abis-liste-2021-2026.xlsx,2026-08-28
WisdomTree Japan Equity UCITS ETF - EUR Hedged Acc,ETF,IE00BYQCZJ13,Akkumulerende,DXJF.MI,MIL,https://finance.yahoo.com/quote/DXJF.MI/,lager,aktieindkomst,yes,ABIS 2026,https://skat.dk/media/euzdrcqh/august-2026-abis-liste-2021-2026.xlsx,2026-08-28
WisdomTree Japan Equity UCITS ETF - USD Acc,ETF,IE00BYQCZN58,Akkumulerende,DXJZ.L,LSE,https://finance.yahoo.com/quote/DXJZ.L/,lager,aktieindkomst,yes,ABIS 2026,https://skat.dk/media/euzdrcqh/august-2026-abis-liste-2021-2026.xlsx,2026-08-28
WisdomTree Japan Equity UCITS ETF - USD Hedged,ETF,IE00BVXC4854,Distribuerende,DXJ.L,LSE,https://finance.yahoo.com/quote/DXJ.L/,lager,aktieindkomst,yes,ABIS 2026,https://skat.dk/media/euzdrcqh/august-2026-abis-liste-2021-2026.xlsx,2026-08-28
WisdomTree Megatrends UCITS ETF - USD Acc,ETF,IE0000902GT6,Akkumulerende,WMGT.L,LSE,https://finance.yahoo.com/quote/WMGT.L/,lager,aktieindkomst,yes,ABIS 2026,https://skat.dk/media/euzdrcqh/august-2026-abis-liste-2021-2026.xlsx,2026-08-28
WisdomTree New Economy Real Estate UCITS ETF – USD,ETF,IE000X9TLGN8,Distribuerende,WNER.L,LSE,https://finance.yahoo.com/quote/WNER.L/,lager,aktieindkomst,yes,ABIS 2026,https://skat.dk/media/euzdrcqh/august-2026-abis-liste-2021-2026.xlsx,2026-08-28
WisdomTree New Economy Real Estate UCITS ETF – USD Acc,ETF,IE000MO2MB07,Akkumulerende,WTRE.L,LSE,https://finance.yahoo.com/quote/WTRE.L/,lager,aktieindkomst,yes,ABIS 2026,https://skat.dk/media/euzdrcqh/august-2026-abis-liste-2021-2026.xlsx,2026-08-28
"WisdomTree Physical AI, Humanoids and Drones UCITS ETF - USD Acc",ETF,IE000LCKJ888,Akkumulerende,WPAI.SW,EBS,https://finance.yahoo.com/quote/WPAI.SW/,lager,aktieindkomst,yes,ABIS 2026,https://skat.dk/media/euzdrcqh/august-2026-abis-liste-2021-2026.xlsx,2026-08-28
WisdomTree Space Economy UCITS ETF - USD Acc,ETF,IE000VDH1PG3,Akkumulerende,WSPC.SW,EBS,https://finance.yahoo.com/quote/WSPC.SW/,lager,aktieindkomst,yes,ABIS 2026,https://skat.dk/media/euzdrcqh/august-2026-abis-liste-2021-2026.xlsx,2026-08-28
WisdomTree Strategic Metals and Rare Earths Miners UCITS ETF - USD Acc,ETF,IE000KHX9DX6,Akkumulerende,RARE.L,LSE,https://finance.yahoo.com/quote/RARE.L/,lager,aktieindkomst,yes,ABIS 2026,https://skat.dk/media/euzdrcqh/august-2026-abis-liste-2021-2026.xlsx,2026-08-28
WisdomTree Tech Megatrends UCITS ETF - USD Acc,ETF,IE0007Z28IJ7,Akkumulerende,WTMT.DE,GER,https://finance.yahoo.com/quote/WTMT.DE/,lager,aktieindkomst,yes,ABIS 2026,https://skat.dk/media/euzdrcqh/august-2026-abis-liste-2021-2026.xlsx,2026-08-28
WisdomTree True Emerging Markets UCITS ETF - USD Acc,ETF,IE000Q1M7HB8,Akkumulerende,WEMT.SW,EBS,https://finance.yahoo.com/quote/WEMT.SW/,lager,aktieindkomst,yes,ABIS 2026,https://skat.dk/media/euzdrcqh/august-2026-abis-liste-2021-2026.xlsx,2026-08-28
WisdomTree US Efficient Core UCITS ETF - USD Acc,ETF,IE000KF370H3,Akkumulerende,NTSX.L,LSE,https://finance.yahoo.com/quote/NTSX.L/,lager,aktieindkomst,yes,ABIS 2026,https://skat.dk/media/euzdrcqh/august-2026-abis-liste-2021-2026.xlsx,2026-08-28
WisdomTree US High Dividend UCITS ETF,ETF,IE00BQZJBQ63,Distribuerende,DHSD.L,LSE,https://finance.yahoo.com/quote/DHSD.L/,lager,aktieindkomst,yes,ABIS 2026,https://skat.dk/media/euzdrcqh/august-2026-abis-liste-2021-2026.xlsx,2026-08-28
WisdomTree US High Dividend UCITS ETF - Acc,ETF,IE00BD6RZT93,Akkumulerende,DHSA.L,LSE,https://finance.yahoo.com/quote/DHSA.L/,lager,aktieindkomst,yes,ABIS 2026,https://skat.dk/media/euzdrcqh/august-2026-abis-liste-2021-2026.xlsx,2026-08-28
WisdomTree US High Dividend UCITS ETF - EUR Hedged Acc,ETF,IE00BD6RZW23,Akkumulerende,DHSF.MI,MIL,https://finance.yahoo.com/quote/DHSF.MI/,lager,aktieindkomst,yes,ABIS 2026,https://skat.dk/media/euzdrcqh/august-2026-abis-liste-2021-2026.xlsx,2026-08-28
WisdomTree US Quality Dividend Growth UCITS ETF - EUR Hedged Acc,ETF,IE000CXVOXQ1,Akkumulerende,DGRE.MI,MIL,https://finance.yahoo.com/quote/DGRE.MI/,lager,aktieindkomst,yes,ABIS 2026,https://skat.dk/media/euzdrcqh/august-2026-abis-liste-2021-2026.xlsx,2026-08-28
WisdomTree US Quality Dividend Growth UCITS ETF - USD Acc,ETF,IE00BZ56RG20,Akkumulerende,DGRA.L,LSE,https://finance.yahoo.com/quote/DGRA.L/,lager,aktieindkomst,yes,ABIS 2026,https://skat.dk/media/euzdrcqh/august-2026-abis-liste-2021-2026.xlsx,2026-08-28
WisdomTree US Quality Growth UCITS ETF - USD Acc,ETF,IE000YGEAK03,Akkumulerende,QGRW.L,LSE,https://finance.yahoo.com/quote/QGRW.L/,lager,aktieindkomst,yes,ABIS 2026,https://skat.dk/media/euzdrcqh/august-2026-abis-liste-2021-2026.xlsx,2026-08-28
WisdomTree US Value UCITS ETF - USD Acc,ETF,IE000F9AQNW6,Akkumulerende,WTVU.L,LSE,https://finance.yahoo.com/quote/WTVU.L/,lager,aktieindkomst,yes,ABIS 2026,https://skat.dk/media/euzdrcqh/august-2026-abis-liste-2021-2026.xlsx,2026-08-28
XACT OMXC25 ESG (UCITS ETF) (A1 DKK),ETF,SE0011452127,Akkumulerende,XACTC25.CO,CPH,https://finance.yahoo.com/quote/XACTC25.CO/,lager,aktieindkomst,yes,ABIS 2026,https://skat.dk/media/euzdrcqh/august-2026-abis-liste-2021-2026.xlsx,2026-08-28
Xtrackers Artificial Intelligence & Big Data UCITS ETF 1C,ETF,IE00BGV5VN51,Akkumulerende,XAID.L,LSE,https://finance.yahoo.com/quote/XAID.L/,lager,aktieindkomst,yes,ABIS 2026,https://skat.dk/media/euzdrcqh/august-2026-abis-liste-2021-2026.xlsx,2026-08-28
Xtrackers DAX ESG Screened UCITS ETF 1D,ETF,LU0838782315,Distribuerende,XDDX.DE,GER,https://finance.yahoo.com/quote/XDDX.DE/,lager,aktieindkomst,yes,ABIS 2026,https://skat.dk/media/euzdrcqh/august-2026-abis-liste-2021-2026.xlsx,2026-08-28
Xtrackers DJE US Equity Research UCITS ETF 1C,ETF,IE00050EGWG5,Akkumulerende,XDJU.DE,GER,https://finance.yahoo.com/quote/XDJU.DE/,lager,aktieindkomst,yes,ABIS 2026,https://skat.dk/media/euzdrcqh/august-2026-abis-liste-2021-2026.xlsx,2026-08-28
Xtrackers EMU Net Zero Pathway Paris Aligned UCITS ETF 1C,ETF,IE000Y6L6LE6,Akkumulerende,XNZE.DE,GER,https://finance.yahoo.com/quote/XNZE.DE/,lager,aktieindkomst,yes,ABIS 2026,https://skat.dk/media/euzdrcqh/august-2026-abis-liste-2021-2026.xlsx,2026-08-28
Xtrackers Euro Stoxx 50 UCITS ETF 1C,ETF,LU0380865021,Akkumulerende,XESC.DE,GER,https://finance.yahoo.com/quote/XESC.DE/,lager,aktieindkomst,yes,ABIS 2026,https://skat.dk/media/euzdrcqh/august-2026-abis-liste-2021-2026.xlsx,2026-08-28
Xtrackers Euro Stoxx Quality Dividend UCITS ETF 1D,ETF,LU0292095535,Distribuerende,DXSA.DE,GER,https://finance.yahoo.com/quote/DXSA.DE/,lager,aktieindkomst,yes,ABIS 2026,https://skat.dk/media/euzdrcqh/august-2026-abis-liste-2021-2026.xlsx,2026-08-28
Xtrackers Europe Biodiversity Focus SRI UCITS ETF 1C,ETF,IE000VMAR5O6,Akkumulerende,XBEE.DE,GER,https://finance.yahoo.com/quote/XBEE.DE/,lager,aktieindkomst,yes,ABIS 2026,https://skat.dk/media/euzdrcqh/august-2026-abis-liste-2021-2026.xlsx,2026-08-28
Xtrackers Europe Defence Technologies UCITS ETF 1C,ETF,LU3061478973,Akkumulerende,XDEF.DE,GER,https://finance.yahoo.com/quote/XDEF.DE/,lager,aktieindkomst,yes,ABIS 2026,https://skat.dk/media/euzdrcqh/august-2026-abis-liste-2021-2026.xlsx,2026-08-28
Xtrackers Europe Equity Enhanced Active UCITS ETF 1C,ETF,IE00002ZKAP0,Akkumulerende,XEEE.DE,GER,https://finance.yahoo.com/quote/XEEE.DE/,lager,aktieindkomst,yes,ABIS 2026,https://skat.dk/media/euzdrcqh/august-2026-abis-liste-2021-2026.xlsx,2026-08-28
Xtrackers Europe Net Zero Pathway Paris Aligned UCITS ETF 1C,ETF,IE0001JH5CB4,Akkumulerende,XEPA.DE,GER,https://finance.yahoo.com/quote/XEPA.DE/,lager,aktieindkomst,yes,ABIS 2026,https://skat.dk/media/euzdrcqh/august-2026-abis-liste-2021-2026.xlsx,2026-08-28
Xtrackers FTSE 100 Income UCITS ETF 1D,ETF,LU0292097234,Distribuerende,XUKX.L,LSE,https://finance.yahoo.com/quote/XUKX.L/,lager,aktieindkomst,yes,ABIS 2026,https://skat.dk/media/euzdrcqh/august-2026-abis-liste-2021-2026.xlsx,2026-08-28
Xtrackers FTSE 100 UCITS ETF 1C,ETF,LU0838780707,Akkumulerende,XDUK.L,LSE,https://finance.yahoo.com/quote/XDUK.L/,lager,aktieindkomst,yes,ABIS 2026,https://skat.dk/media/euzdrcqh/august-2026-abis-liste-2021-2026.xlsx,2026-08-28
Xtrackers FTSE Developed Europe ex UK Real Estate UCITS ETF,ETF,IE00BP8FKB21,Akkumulerende,0Y6D.L,LSE,https://finance.yahoo.com/quote/0Y6D.L/,lager,aktieindkomst,yes,ABIS 2026,https://skat.dk/media/euzdrcqh/august-2026-abis-liste-2021-2026.xlsx,2026-08-28
Xtrackers FTSE Developed Europe Real Estate UCITS ETF 1C,ETF,LU0489337690,Akkumulerende,XDER.L,LSE,https://finance.yahoo.com/quote/XDER.L/,lager,aktieindkomst,yes,ABIS 2026,https://skat.dk/media/euzdrcqh/august-2026-abis-liste-2021-2026.xlsx,2026-08-28
Xtrackers Future Mobility UCITS ETF 1C,ETF,IE00BGV5VR99,Akkumulerende,XMOV.SW,EBS,https://finance.yahoo.com/quote/XMOV.SW/,lager,aktieindkomst,yes,ABIS 2026,https://skat.dk/media/euzdrcqh/august-2026-abis-liste-2021-2026.xlsx,2026-08-28
Xtrackers Global Infrastructure ESG UCITS ETF 1C,ETF,IE00BYZNF849,Akkumulerende,XINF.L,LSE,https://finance.yahoo.com/quote/XINF.L/,lager,aktieindkomst,yes,ABIS 2026,https://skat.dk/media/euzdrcqh/august-2026-abis-liste-2021-2026.xlsx,2026-08-28
Xtrackers Harvest CSI A500 UCITS ETF 1D,ETF,LU1310477036,Distribuerende,AH50.DE,GER,https://finance.yahoo.com/quote/AH50.DE/,lager,aktieindkomst,yes,ABIS 2026,https://skat.dk/media/euzdrcqh/august-2026-abis-liste-2021-2026.xlsx,2026-08-28
Xtrackers Harvest MSCI China Tech 100 UCITS ETF 1C,ETF,LU2376679564,Akkumulerende,XCTE.L,LSE,https://finance.yahoo.com/quote/XCTE.L/,lager,aktieindkomst,yes,ABIS 2026,https://skat.dk/media/euzdrcqh/august-2026-abis-liste-2021-2026.xlsx,2026-08-28
Xtrackers MDAX ESG Screened UCITS ETF 1D,ETF,IE00B9MRJJ36,Distribuerende,XDGM.DE,GER,https://finance.yahoo.com/quote/XDGM.DE/,lager,aktieindkomst,yes,ABIS 2026,https://skat.dk/media/euzdrcqh/august-2026-abis-liste-2021-2026.xlsx,2026-08-28
Xtrackers MSCI AC World Screened UCITS ETF 1C,ETF,IE00BGHQ0G80,Akkumulerende,XMAW.MI,MIL,https://finance.yahoo.com/quote/XMAW.MI/,lager,aktieindkomst,yes,ABIS 2026,https://skat.dk/media/euzdrcqh/august-2026-abis-liste-2021-2026.xlsx,2026-08-28
Xtrackers MSCI AC World Screened UCITS ETF 2C EUR Hedged,ETF,IE000VXC51U5,Akkumulerende,XMAE.DE,GER,https://finance.yahoo.com/quote/XMAE.DE/,lager,aktieindkomst,yes,ABIS 2026,https://skat.dk/media/euzdrcqh/august-2026-abis-liste-2021-2026.xlsx,2026-08-28
Xtrackers MSCI Brazil UCITS ETF 1C,ETF,LU0292109344,Akkumulerende,XMBD.L,LSE,https://finance.yahoo.com/quote/XMBD.L/,lager,aktieindkomst,yes,ABIS 2026,https://skat.dk/media/euzdrcqh/august-2026-abis-liste-2021-2026.xlsx,2026-08-28
Xtrackers MSCI Canada Screened UCITS ETF 1C,ETF,LU0476289540,Akkumulerende,XCAD.L,LSE,https://finance.yahoo.com/quote/XCAD.L/,lager,aktieindkomst,yes,ABIS 2026,https://skat.dk/media/euzdrcqh/august-2026-abis-liste-2021-2026.xlsx,2026-08-28
Xtrackers MSCI China A UCITS ETF 1C,ETF,LU0292109856,Akkumulerende,XX2D.L,LSE,https://finance.yahoo.com/quote/XX2D.L/,lager,aktieindkomst,yes,ABIS 2026,https://skat.dk/media/euzdrcqh/august-2026-abis-liste-2021-2026.xlsx,2026-08-28
Xtrackers MSCI China UCITS ETF 1C,ETF,LU0514695690,Akkumulerende,LU0514695690-USD.LU,LUX,https://finance.yahoo.com/quote/LU0514695690-USD.LU/,lager,aktieindkomst,yes,ABIS 2026,https://skat.dk/media/euzdrcqh/august-2026-abis-liste-2021-2026.xlsx,2026-08-28
Xtrackers MSCI China UCITS ETF 1D,ETF,LU2456436083,Distribuerende,XCS7.L,LSE,https://finance.yahoo.com/quote/XCS7.L/,lager,aktieindkomst,yes,ABIS 2026,https://skat.dk/media/euzdrcqh/august-2026-abis-liste-2021-2026.xlsx,2026-08-28
Xtrackers MSCI Emerging Markets ESG UCITS ETF 1C,ETF,IE00BG370F43,Akkumulerende,XZEM.L,LSE,https://finance.yahoo.com/quote/XZEM.L/,lager,aktieindkomst,yes,ABIS 2026,https://skat.dk/media/euzdrcqh/august-2026-abis-liste-2021-2026.xlsx,2026-08-28
Xtrackers MSCI Emerging Markets ex China UCITS ETF 1C,ETF,IE00BM67HJ62,Akkumulerende,XDEX.L,LSE,https://finance.yahoo.com/quote/XDEX.L/,lager,aktieindkomst,yes,ABIS 2026,https://skat.dk/media/euzdrcqh/august-2026-abis-liste-2021-2026.xlsx,2026-08-28
Xtrackers MSCI Emerging Markets UCITS ETF 1C,ETF,IE00BTJRMP35,Akkumulerende,XMME.L,LSE,https://finance.yahoo.com/quote/XMME.L/,lager,aktieindkomst,yes,ABIS 2026,https://skat.dk/media/euzdrcqh/august-2026-abis-liste-2021-2026.xlsx,2026-08-28
Xtrackers MSCI EMU Climate Transition UCITS ETF 1C,ETF,IE000W6L2AI3,Akkumulerende,XCEU.DE,GER,https://finance.yahoo.com/quote/XCEU.DE/,lager,aktieindkomst,yes,ABIS 2026,https://skat.dk/media/euzdrcqh/august-2026-abis-liste-2021-2026.xlsx,2026-08-28
Xtrackers MSCI EMU ESG UCITS ETF 1C,ETF,IE00BNC1G699,Akkumulerende,XZEZ.DE,GER,https://finance.yahoo.com/quote/XZEZ.DE/,lager,aktieindkomst,yes,ABIS 2026,https://skat.dk/media/euzdrcqh/august-2026-abis-liste-2021-2026.xlsx,2026-08-28
Xtrackers MSCI EMU High Dividend Yield ESG UCITS ETF 1D,ETF,IE000VCBWFL8,Distribuerende,XZDZ.DE,GER,https://finance.yahoo.com/quote/XZDZ.DE/,lager,aktieindkomst,yes,ABIS 2026,https://skat.dk/media/euzdrcqh/august-2026-abis-liste-2021-2026.xlsx,2026-08-28
Xtrackers MSCI EMU Screened UCITS ETF 1D,ETF,IE00BDGN9Z19,Distribuerende,XMVE.DE,GER,https://finance.yahoo.com/quote/XMVE.DE/,lager,aktieindkomst,yes,ABIS 2026,https://skat.dk/media/euzdrcqh/august-2026-abis-liste-2021-2026.xlsx,2026-08-28
Xtrackers MSCI EMU UCITS ETF 1D,ETF,LU0846194776,Distribuerende,XD5E.DE,GER,https://finance.yahoo.com/quote/XD5E.DE/,lager,aktieindkomst,yes,ABIS 2026,https://skat.dk/media/euzdrcqh/august-2026-abis-liste-2021-2026.xlsx,2026-08-28
Xtrackers MSCI EMU UCITS ETF 4C,ETF,LU1920015366,Akkumulerende,XEMU.DE,GER,https://finance.yahoo.com/quote/XEMU.DE/,lager,aktieindkomst,yes,ABIS 2026,https://skat.dk/media/euzdrcqh/august-2026-abis-liste-2021-2026.xlsx,2026-08-28
Xtrackers MSCI Europe Climate Transition UCITS ETF 1C,ETF,IE000N9MLVT1,Akkumulerende,XECT.DE,GER,https://finance.yahoo.com/quote/XECT.DE/,lager,aktieindkomst,yes,ABIS 2026,https://skat.dk/media/euzdrcqh/august-2026-abis-liste-2021-2026.xlsx,2026-08-28
Xtrackers MSCI Europe Communication Services Screened UCITS ETF 1C,ETF,LU0292104030,Akkumulerende,DXSG.DE,GER,https://finance.yahoo.com/quote/DXSG.DE/,lager,aktieindkomst,yes,ABIS 2026,https://skat.dk/media/euzdrcqh/august-2026-abis-liste-2021-2026.xlsx,2026-08-28
Xtrackers MSCI Europe Consumer Staples Screened UCITS ETF 1C,ETF,LU0292105359,Akkumulerende,DXSK.DE,GER,https://finance.yahoo.com/quote/DXSK.DE/,lager,aktieindkomst,yes,ABIS 2026,https://skat.dk/media/euzdrcqh/august-2026-abis-liste-2021-2026.xlsx,2026-08-28
Xtrackers MSCI Europe ESG UCITS ETF 1C,ETF,IE00BFMNHK08,Akkumulerende,XZEU.DE,GER,https://finance.yahoo.com/quote/XZEU.DE/,lager,aktieindkomst,yes,ABIS 2026,https://skat.dk/media/euzdrcqh/august-2026-abis-liste-2021-2026.xlsx,2026-08-28
Xtrackers MSCI Europe Financials Screened UCITS ETF 1C,ETF,LU0292103651,Akkumulerende,XS7R.DE,GER,https://finance.yahoo.com/quote/XS7R.DE/,lager,aktieindkomst,yes,ABIS 2026,https://skat.dk/media/euzdrcqh/august-2026-abis-liste-2021-2026.xlsx,2026-08-28
Xtrackers MSCI Europe Health Care Screened UCITS ETF 1C,ETF,LU0292103222,Akkumulerende,DXSE.DE,GER,https://finance.yahoo.com/quote/DXSE.DE/,lager,aktieindkomst,yes,ABIS 2026,https://skat.dk/media/euzdrcqh/august-2026-abis-liste-2021-2026.xlsx,2026-08-28
Xtrackers MSCI Europe High Dividend Yield ESG UCITS ETF 1D,ETF,IE000WQ16XQ4,Distribuerende,XZDE.DE,GER,https://finance.yahoo.com/quote/XZDE.DE/,lager,aktieindkomst,yes,ABIS 2026,https://skat.dk/media/euzdrcqh/august-2026-abis-liste-2021-2026.xlsx,2026-08-28
Xtrackers MSCI Europe Industrials Screened UCITS ETF 1C,ETF,LU0292106084,Akkumulerende,DXSL.DE,GER,https://finance.yahoo.com/quote/DXSL.DE/,lager,aktieindkomst,yes,ABIS 2026,https://skat.dk/media/euzdrcqh/august-2026-abis-liste-2021-2026.xlsx,2026-08-28
Xtrackers MSCI Europe Information Technology Screened UCITS ETF 1C,ETF,LU0292104469,Akkumulerende,XS8R.DE,GER,https://finance.yahoo.com/quote/XS8R.DE/,lager,aktieindkomst,yes,ABIS 2026,https://skat.dk/media/euzdrcqh/august-2026-abis-liste-2021-2026.xlsx,2026-08-28
Xtrackers MSCI Europe Materials Screened UCITS ETF 1C,ETF,LU0292100806,Akkumulerende,DXSC.DE,GER,https://finance.yahoo.com/quote/DXSC.DE/,lager,aktieindkomst,yes,ABIS 2026,https://skat.dk/media/euzdrcqh/august-2026-abis-liste-2021-2026.xlsx,2026-08-28
Xtrackers MSCI Europe Screened UCITS ETF 1C,ETF,LU0322253732,Akkumulerende,DX2I.DE,GER,https://finance.yahoo.com/quote/DX2I.DE/,lager,aktieindkomst,yes,ABIS 2026,https://skat.dk/media/euzdrcqh/august-2026-abis-liste-2021-2026.xlsx,2026-08-28
Xtrackers MSCI Europe Small Cap ESG UCITS ETF 1C,ETF,IE000ER61U30,Akkumulerende,XZSE.DE,GER,https://finance.yahoo.com/quote/XZSE.DE/,lager,aktieindkomst,yes,ABIS 2026,https://skat.dk/media/euzdrcqh/august-2026-abis-liste-2021-2026.xlsx,2026-08-28
Xtrackers MSCI Europe Small Cap UCITS ETF 1C,ETF,LU0322253906,Akkumulerende,XXSC.DE,GER,https://finance.yahoo.com/quote/XXSC.DE/,lager,aktieindkomst,yes,ABIS 2026,https://skat.dk/media/euzdrcqh/august-2026-abis-liste-2021-2026.xlsx,2026-08-28
Xtrackers MSCI Europe UCITS ETF 1C,ETF,LU0274209237,Akkumulerende,XMED.L,LSE,https://finance.yahoo.com/quote/XMED.L/,lager,aktieindkomst,yes,ABIS 2026,https://skat.dk/media/euzdrcqh/august-2026-abis-liste-2021-2026.xlsx,2026-08-28
Xtrackers MSCI Europe Utilities Screened UCITS ETF 1C,ETF,LU0292104899,Akkumulerende,XS6R.DE,GER,https://finance.yahoo.com/quote/XS6R.DE/,lager,aktieindkomst,yes,ABIS 2026,https://skat.dk/media/euzdrcqh/august-2026-abis-liste-2021-2026.xlsx,2026-08-28
Xtrackers MSCI Europe Value UCITS ETF 1C,ETF,LU0486851024,Akkumulerende,D5BL.DE,GER,https://finance.yahoo.com/quote/D5BL.DE/,lager,aktieindkomst,yes,ABIS 2026,https://skat.dk/media/euzdrcqh/august-2026-abis-liste-2021-2026.xlsx,2026-08-28
Xtrackers MSCI Fintech Innovation UCITS ETF 1C,ETF,IE000YDOORK7,Akkumulerende,XFNT.L,LSE,https://finance.yahoo.com/quote/XFNT.L/,lager,aktieindkomst,yes,ABIS 2026,https://skat.dk/media/euzdrcqh/august-2026-abis-liste-2021-2026.xlsx,2026-08-28
Xtrackers MSCI Genomic Healthcare Innovation UCITS ETF 1C,ETF,IE000KD0BZ68,Akkumulerende,XGEN.L,LSE,https://finance.yahoo.com/quote/XGEN.L/,lager,aktieindkomst,yes,ABIS 2026,https://skat.dk/media/euzdrcqh/august-2026-abis-liste-2021-2026.xlsx,2026-08-28
Xtrackers MSCI Global Circular Economy UCITS ETF 1C,ETF,IE000Y6ZXZ48,Akkumulerende,XG12.L,LSE,https://finance.yahoo.com/quote/XG12.L/,lager,aktieindkomst,yes,ABIS 2026,https://skat.dk/media/euzdrcqh/august-2026-abis-liste-2021-2026.xlsx,2026-08-28
Xtrackers MSCI Global Clean Water & Sanitation UCITS ETF 1C,ETF,IE0007WJ6B10,Akkumulerende,XDG6.L,LSE,https://finance.yahoo.com/quote/XDG6.L/,lager,aktieindkomst,yes,ABIS 2026,https://skat.dk/media/euzdrcqh/august-2026-abis-liste-2021-2026.xlsx,2026-08-28
Xtrackers MSCI Global SDG 11 Sustainable Cities UCITS ETF 1C,ETF,IE000V0GDVU7,Akkumulerende,XG11.L,LSE,https://finance.yahoo.com/quote/XG11.L/,lager,aktieindkomst,yes,ABIS 2026,https://skat.dk/media/euzdrcqh/august-2026-abis-liste-2021-2026.xlsx,2026-08-28
Xtrackers MSCI Global SDG 3 Good Health UCITS ETF 1C,ETF,IE00036F4K40,Akkumulerende,XDG3.L,LSE,https://finance.yahoo.com/quote/XDG3.L/,lager,aktieindkomst,yes,ABIS 2026,https://skat.dk/media/euzdrcqh/august-2026-abis-liste-2021-2026.xlsx,2026-08-28
Xtrackers MSCI Global SDG 7 Affordable and Clean Energy UCITS ETF 1C,ETF,IE000JZYIUN0,Akkumulerende,XDG7.L,LSE,https://finance.yahoo.com/quote/XDG7.L/,lager,aktieindkomst,yes,ABIS 2026,https://skat.dk/media/euzdrcqh/august-2026-abis-liste-2021-2026.xlsx,2026-08-28
"Xtrackers MSCI Global SDG 9 Industry, Innovation & Infrastructure UCITS ETF 1C",ETF,IE0005E47AH7,Akkumulerende,SDG9.L,LSE,https://finance.yahoo.com/quote/SDG9.L/,lager,aktieindkomst,yes,ABIS 2026,https://skat.dk/media/euzdrcqh/august-2026-abis-liste-2021-2026.xlsx,2026-08-28
Xtrackers MSCI Global SDGs UCITS ETF 1C,ETF,IE000PSF3A70,Akkumulerende,XDGI.L,LSE,https://finance.yahoo.com/quote/XDGI.L/,lager,aktieindkomst,yes,ABIS 2026,https://skat.dk/media/euzdrcqh/august-2026-abis-liste-2021-2026.xlsx,2026-08-28
Xtrackers MSCI Innovation UCITS ETF 1C,ETF,IE0006FFX5U1,Akkumulerende,XNNV.L,LSE,https://finance.yahoo.com/quote/XNNV.L/,lager,aktieindkomst,yes,ABIS 2026,https://skat.dk/media/euzdrcqh/august-2026-abis-liste-2021-2026.xlsx,2026-08-28
Xtrackers MSCI Japan ESG UCITS ETF 1C,ETF,IE00BG36TC12,Akkumulerende,XZMJ.L,LSE,https://finance.yahoo.com/quote/XZMJ.L/,lager,aktieindkomst,yes,ABIS 2026,https://skat.dk/media/euzdrcqh/august-2026-abis-liste-2021-2026.xlsx,2026-08-28
Xtrackers MSCI Japan Screened UCITS ETF 3C EUR Hedged,ETF,IE00BRB36B93,Akkumulerende,XDNE.DE,GER,https://finance.yahoo.com/quote/XDNE.DE/,lager,aktieindkomst,yes,ABIS 2026,https://skat.dk/media/euzdrcqh/august-2026-abis-liste-2021-2026.xlsx,2026-08-28
Xtrackers MSCI Japan UCITS ETF 1C,ETF,LU0274209740,Akkumulerende,DBXJ.DE,GER,https://finance.yahoo.com/quote/DBXJ.DE/,lager,aktieindkomst,yes,ABIS 2026,https://skat.dk/media/euzdrcqh/august-2026-abis-liste-2021-2026.xlsx,2026-08-28
Xtrackers MSCI Korea UCITS ETF 1C,ETF,LU0292100046,Akkumulerende,XKSD.L,LSE,https://finance.yahoo.com/quote/XKSD.L/,lager,aktieindkomst,yes,ABIS 2026,https://skat.dk/media/euzdrcqh/august-2026-abis-liste-2021-2026.xlsx,2026-08-28
Xtrackers MSCI Next Generation Internet Innovation UCITS ETF 1C,ETF,IE000XOQ9TK4,Akkumulerende,XNGI.L,LSE,https://finance.yahoo.com/quote/XNGI.L/,lager,aktieindkomst,yes,ABIS 2026,https://skat.dk/media/euzdrcqh/august-2026-abis-liste-2021-2026.xlsx,2026-08-28
Xtrackers MSCI Nordic UCITS ETF 1C,ETF,IE000BO2Y0T8,Akkumulerende,XMN1.DE,GER,https://finance.yahoo.com/quote/XMN1.DE/,lager,aktieindkomst,yes,ABIS 2026,https://skat.dk/media/euzdrcqh/august-2026-abis-liste-2021-2026.xlsx,2026-08-28
Xtrackers MSCI Nordic UCITS ETF 1D,ETF,IE00B9MRHC27,Distribuerende,XDN0.L,LSE,https://finance.yahoo.com/quote/XDN0.L/,lager,aktieindkomst,yes,ABIS 2026,https://skat.dk/media/euzdrcqh/august-2026-abis-liste-2021-2026.xlsx,2026-08-28
Xtrackers MSCI North America High Dividend Yield UCITS ETF 1C,ETF,IE00BH361H73,Akkumulerende,XDND.DE,GER,https://finance.yahoo.com/quote/XDND.DE/,lager,aktieindkomst,yes,ABIS 2026,https://skat.dk/media/euzdrcqh/august-2026-abis-liste-2021-2026.xlsx,2026-08-28
Xtrackers MSCI Pacific ex Japan Screened UCITS ETF 1C,ETF,LU0322252338,Akkumulerende,XPXD.L,LSE,https://finance.yahoo.com/quote/XPXD.L/,lager,aktieindkomst,yes,ABIS 2026,https://skat.dk/media/euzdrcqh/august-2026-abis-liste-2021-2026.xlsx,2026-08-28
Xtrackers MSCI Taiwan UCITS ETF 1C,ETF,LU0292109187,Akkumulerende,XMTD.L,LSE,https://finance.yahoo.com/quote/XMTD.L/,lager,aktieindkomst,yes,ABIS 2026,https://skat.dk/media/euzdrcqh/august-2026-abis-liste-2021-2026.xlsx,2026-08-28
Xtrackers MSCI UK ESG UCITS ETF 1D,ETF,LU0292097747,Distribuerende,XASX.L,LSE,https://finance.yahoo.com/quote/XASX.L/,lager,aktieindkomst,yes,ABIS 2026,https://skat.dk/media/euzdrcqh/august-2026-abis-liste-2021-2026.xlsx,2026-08-28
Xtrackers MSCI USA Climate Transition UCITS ETF 1D,ETF,IE000GYDNJS5,Distribuerende,XCUD.L,LSE,https://finance.yahoo.com/quote/XCUD.L/,lager,aktieindkomst,yes,ABIS 2026,https://skat.dk/media/euzdrcqh/august-2026-abis-liste-2021-2026.xlsx,2026-08-28
Xtrackers MSCI USA Communication Services UCITS ETF 1D,ETF,IE00BNC1G707,Distribuerende,XUCM.L,LSE,https://finance.yahoo.com/quote/XUCM.L/,lager,aktieindkomst,yes,ABIS 2026,https://skat.dk/media/euzdrcqh/august-2026-abis-liste-2021-2026.xlsx,2026-08-28
Xtrackers MSCI USA Consumer Discretionary UCITS ETF 1D,ETF,IE00BGQYRR35,Distribuerende,XUCD.L,LSE,https://finance.yahoo.com/quote/XUCD.L/,lager,aktieindkomst,yes,ABIS 2026,https://skat.dk/media/euzdrcqh/august-2026-abis-liste-2021-2026.xlsx,2026-08-28
Xtrackers MSCI USA Consumer Staples UCITS ETF 1D,ETF,IE00BGQYRQ28,Distribuerende,XUCS.L,LSE,https://finance.yahoo.com/quote/XUCS.L/,lager,aktieindkomst,yes,ABIS 2026,https://skat.dk/media/euzdrcqh/august-2026-abis-liste-2021-2026.xlsx,2026-08-28
Xtrackers MSCI USA Energy UCITS ETF 1D,ETF,IE00BCHWNS19,Distribuerende,XUEN.L,LSE,https://finance.yahoo.com/quote/XUEN.L/,lager,aktieindkomst,yes,ABIS 2026,https://skat.dk/media/euzdrcqh/august-2026-abis-liste-2021-2026.xlsx,2026-08-28
Xtrackers MSCI USA ESG UCITS ETF 1C,ETF,IE00BFMNPS42,Akkumulerende,XZMU.L,LSE,https://finance.yahoo.com/quote/XZMU.L/,lager,aktieindkomst,yes,ABIS 2026,https://skat.dk/media/euzdrcqh/august-2026-abis-liste-2021-2026.xlsx,2026-08-28
Xtrackers MSCI USA ESG UCITS ETF 1D,ETF,IE000UMV0L21,Distribuerende,XZMD.L,LSE,https://finance.yahoo.com/quote/XZMD.L/,lager,aktieindkomst,yes,ABIS 2026,https://skat.dk/media/euzdrcqh/august-2026-abis-liste-2021-2026.xlsx,2026-08-28
Xtrackers MSCI USA ESG UCITS ETF 2C EUR Hedged,ETF,IE0000MMQ5M5,Akkumulerende,XZME.DE,GER,https://finance.yahoo.com/quote/XZME.DE/,lager,aktieindkomst,yes,ABIS 2026,https://skat.dk/media/euzdrcqh/august-2026-abis-liste-2021-2026.xlsx,2026-08-28
Xtrackers MSCI USA Financials UCITS ETF 1D,ETF,IE00BCHWNT26,Distribuerende,XUFN.L,LSE,https://finance.yahoo.com/quote/XUFN.L/,lager,aktieindkomst,yes,ABIS 2026,https://skat.dk/media/euzdrcqh/august-2026-abis-liste-2021-2026.xlsx,2026-08-28
Xtrackers MSCI USA Health Care UCITS ETF 1D,ETF,IE00BCHWNW54,Distribuerende,XUHC.L,LSE,https://finance.yahoo.com/quote/XUHC.L/,lager,aktieindkomst,yes,ABIS 2026,https://skat.dk/media/euzdrcqh/august-2026-abis-liste-2021-2026.xlsx,2026-08-28
Xtrackers MSCI USA High Dividend Yield ESG UCITS ETF 1D,ETF,IE000V04SL39,Distribuerende,XZDU.L,LSE,https://finance.yahoo.com/quote/XZDU.L/,lager,aktieindkomst,yes,ABIS 2026,https://skat.dk/media/euzdrcqh/august-2026-abis-liste-2021-2026.xlsx,2026-08-28
Xtrackers MSCI USA Information Technology UCITS ETF 1D,ETF,IE00BGQYRS42,Distribuerende,XUTC.L,LSE,https://finance.yahoo.com/quote/XUTC.L/,lager,aktieindkomst,yes,ABIS 2026,https://skat.dk/media/euzdrcqh/august-2026-abis-liste-2021-2026.xlsx,2026-08-28
Xtrackers MSCI USA Screened UCITS ETF 1C,ETF,IE00BJZ2DC62,Akkumulerende,XRMU.L,LSE,https://finance.yahoo.com/quote/XRMU.L/,lager,aktieindkomst,yes,ABIS 2026,https://skat.dk/media/euzdrcqh/august-2026-abis-liste-2021-2026.xlsx,2026-08-28
Xtrackers MSCI USA Screened UCITS ETF 2C EUR Hedged,ETF,IE000TSML5I8,Akkumulerende,XRME.DE,GER,https://finance.yahoo.com/quote/XRME.DE/,lager,aktieindkomst,yes,ABIS 2026,https://skat.dk/media/euzdrcqh/august-2026-abis-liste-2021-2026.xlsx,2026-08-28
Xtrackers MSCI USA UCITS ETF 1C,ETF,IE00BJ0KDR00,Akkumulerende,XD9U.L,LSE,https://finance.yahoo.com/quote/XD9U.L/,lager,aktieindkomst,yes,ABIS 2026,https://skat.dk/media/euzdrcqh/august-2026-abis-liste-2021-2026.xlsx,2026-08-28
Xtrackers MSCI USA UCITS ETF 2C - EUR Hedged,ETF,IE00BG04M077,Akkumulerende,XD9E.DE,GER,https://finance.yahoo.com/quote/XD9E.DE/,lager,aktieindkomst,yes,ABIS 2026,https://skat.dk/media/euzdrcqh/august-2026-abis-liste-2021-2026.xlsx,2026-08-28
Xtrackers MSCI World Climate Transition UCITS ETF 1C,ETF,IE000P4AYI47,Akkumulerende,XCJU.L,LSE,https://finance.yahoo.com/quote/XCJU.L/,lager,aktieindkomst,yes,ABIS 2026,https://skat.dk/media/euzdrcqh/august-2026-abis-liste-2021-2026.xlsx,2026-08-28
Xtrackers MSCI World Communication Services UCITS ETF 1C,ETF,IE00BM67HR47,Akkumulerende,XWTS.L,LSE,https://finance.yahoo.com/quote/XWTS.L/,lager,aktieindkomst,yes,ABIS 2026,https://skat.dk/media/euzdrcqh/august-2026-abis-liste-2021-2026.xlsx,2026-08-28
Xtrackers MSCI World Consumer Discretionary UCITS ETF 1C,ETF,IE00BM67HP23,Akkumulerende,XDWC.L,LSE,https://finance.yahoo.com/quote/XDWC.L/,lager,aktieindkomst,yes,ABIS 2026,https://skat.dk/media/euzdrcqh/august-2026-abis-liste-2021-2026.xlsx,2026-08-28
Xtrackers MSCI World Consumer Staples UCITS ETF 1C,ETF,IE00BM67HN09,Akkumulerende,XDWS.L,LSE,https://finance.yahoo.com/quote/XDWS.L/,lager,aktieindkomst,yes,ABIS 2026,https://skat.dk/media/euzdrcqh/august-2026-abis-liste-2021-2026.xlsx,2026-08-28
Xtrackers MSCI World Energy UCITS ETF 1C,ETF,IE00BM67HM91,Akkumulerende,XDW0.L,LSE,https://finance.yahoo.com/quote/XDW0.L/,lager,aktieindkomst,yes,ABIS 2026,https://skat.dk/media/euzdrcqh/august-2026-abis-liste-2021-2026.xlsx,2026-08-28
Xtrackers MSCI World ESG UCITS ETF 1C,ETF,IE00BZ02LR44,Akkumulerende,XZW0.L,LSE,https://finance.yahoo.com/quote/XZW0.L/,lager,aktieindkomst,yes,ABIS 2026,https://skat.dk/media/euzdrcqh/august-2026-abis-liste-2021-2026.xlsx,2026-08-28
Xtrackers MSCI World ESG UCITS ETF 2C EUR Hedged,ETF,IE00BMY76136,Akkumulerende,XZWE.DE,GER,https://finance.yahoo.com/quote/XZWE.DE/,lager,aktieindkomst,yes,ABIS 2026,https://skat.dk/media/euzdrcqh/august-2026-abis-liste-2021-2026.xlsx,2026-08-28
Xtrackers MSCI World ex USA UCITS ETF 1D,ETF,IE000Z0FC0G5,Distribuerende,EXU1.L,LSE,https://finance.yahoo.com/quote/EXU1.L/,lager,aktieindkomst,yes,ABIS 2026,https://skat.dk/media/euzdrcqh/august-2026-abis-liste-2021-2026.xlsx,2026-08-28
Xtrackers MSCI World Financials UCITS ETF 1C,ETF,IE00BM67HL84,Akkumulerende,XDWF.L,LSE,https://finance.yahoo.com/quote/XDWF.L/,lager,aktieindkomst,yes,ABIS 2026,https://skat.dk/media/euzdrcqh/august-2026-abis-liste-2021-2026.xlsx,2026-08-28
Xtrackers MSCI World Health Care UCITS ETF 1C,ETF,IE00BM67HK77,Akkumulerende,XDWH.L,LSE,https://finance.yahoo.com/quote/XDWH.L/,lager,aktieindkomst,yes,ABIS 2026,https://skat.dk/media/euzdrcqh/august-2026-abis-liste-2021-2026.xlsx,2026-08-28
Xtrackers MSCI World Industrials UCITS ETF 1C,ETF,IE00BM67HV82,Akkumulerende,XDWI.L,LSE,https://finance.yahoo.com/quote/XDWI.L/,lager,aktieindkomst,yes,ABIS 2026,https://skat.dk/media/euzdrcqh/august-2026-abis-liste-2021-2026.xlsx,2026-08-28
Xtrackers MSCI World Information Technology UCITS ETF 1C,ETF,IE00BM67HT60,Akkumulerende,XDWT.L,LSE,https://finance.yahoo.com/quote/XDWT.L/,lager,aktieindkomst,yes,ABIS 2026,https://skat.dk/media/euzdrcqh/august-2026-abis-liste-2021-2026.xlsx,2026-08-28
Xtrackers MSCI World Materials UCITS ETF 1C,ETF,IE00BM67HS53,Akkumulerende,XDWM.L,LSE,https://finance.yahoo.com/quote/XDWM.L/,lager,aktieindkomst,yes,ABIS 2026,https://skat.dk/media/euzdrcqh/august-2026-abis-liste-2021-2026.xlsx,2026-08-28
Xtrackers MSCI World Minimum Volatility UCITS ETF 1C,ETF,IE00BL25JN58,Akkumulerende,XDEB.DE,GER,https://finance.yahoo.com/quote/XDEB.DE/,lager,aktieindkomst,yes,ABIS 2026,https://skat.dk/media/euzdrcqh/august-2026-abis-liste-2021-2026.xlsx,2026-08-28
Xtrackers MSCI World Momentum ESG UCITS ETF 1C,ETF,IE000TL3PL69,Akkumulerende,XWEM.L,LSE,https://finance.yahoo.com/quote/XWEM.L/,lager,aktieindkomst,yes,ABIS 2026,https://skat.dk/media/euzdrcqh/august-2026-abis-liste-2021-2026.xlsx,2026-08-28
Xtrackers MSCI World Momentum UCITS ETF 1C,ETF,IE00BL25JP72,Akkumulerende,XDEM.SW,EBS,https://finance.yahoo.com/quote/XDEM.SW/,lager,aktieindkomst,yes,ABIS 2026,https://skat.dk/media/euzdrcqh/august-2026-abis-liste-2021-2026.xlsx,2026-08-28
Xtrackers MSCI World Quality ESG UCITS ETF 1C,ETF,IE0003NQ0IY5,Akkumulerende,XWEQ.L,LSE,https://finance.yahoo.com/quote/XWEQ.L/,lager,aktieindkomst,yes,ABIS 2026,https://skat.dk/media/euzdrcqh/august-2026-abis-liste-2021-2026.xlsx,2026-08-28
Xtrackers MSCI World Small Cap ESG UCITS ETF 1C,ETF,IE000UATQPE2,Akkumulerende,XZSW.L,LSE,https://finance.yahoo.com/quote/XZSW.L/,lager,aktieindkomst,yes,ABIS 2026,https://skat.dk/media/euzdrcqh/august-2026-abis-liste-2021-2026.xlsx,2026-08-28
Xtrackers MSCI World Small Cap UCITS ETF 1C,ETF,IE000F354Q61,Akkumulerende,XSWC.L,LSE,https://finance.yahoo.com/quote/XSWC.L/,lager,aktieindkomst,yes,ABIS 2026,https://skat.dk/media/euzdrcqh/august-2026-abis-liste-2021-2026.xlsx,2026-08-28
Xtrackers MSCI World Small Cap UCITS ETF 1D,ETF,IE000ISS8DB2,Distribuerende,XSWD.L,LSE,https://finance.yahoo.com/quote/XSWD.L/,lager,aktieindkomst,yes,ABIS 2026,https://skat.dk/media/euzdrcqh/august-2026-abis-liste-2021-2026.xlsx,2026-08-28
Xtrackers MSCI World UCITS ETF 1C,ETF,IE00BJ0KDQ92,Akkumulerende,XDWD.L,LSE,https://finance.yahoo.com/quote/XDWD.L/,lager,aktieindkomst,yes,ABIS 2026,https://skat.dk/media/euzdrcqh/august-2026-abis-liste-2021-2026.xlsx,2026-08-28
Xtrackers MSCI World Utilities UCITS ETF 1C,ETF,IE00BM67HQ30,Akkumulerende,XDWU.L,LSE,https://finance.yahoo.com/quote/XDWU.L/,lager,aktieindkomst,yes,ABIS 2026,https://skat.dk/media/euzdrcqh/august-2026-abis-liste-2021-2026.xlsx,2026-08-28
Xtrackers MSCI World Value ESG UCITS ETF 1C,ETF,IE000LAUZQT6,Akkumulerende,XWEV.L,LSE,https://finance.yahoo.com/quote/XWEV.L/,lager,aktieindkomst,yes,ABIS 2026,https://skat.dk/media/euzdrcqh/august-2026-abis-liste-2021-2026.xlsx,2026-08-28
Xtrackers MSCI World Value UCITS ETF 1C,ETF,IE00BL25JM42,Akkumulerende,XDEV.SW,EBS,https://finance.yahoo.com/quote/XDEV.SW/,lager,aktieindkomst,yes,ABIS 2026,https://skat.dk/media/euzdrcqh/august-2026-abis-liste-2021-2026.xlsx,2026-08-28
Xtrackers NASDAQ 100 UCITS ETF 1C,ETF,IE00BMFKG444,Akkumulerende,XNAS.L,LSE,https://finance.yahoo.com/quote/XNAS.L/,lager,aktieindkomst,yes,ABIS 2026,https://skat.dk/media/euzdrcqh/august-2026-abis-liste-2021-2026.xlsx,2026-08-28
Xtrackers Nikkei 225 UCITS ETF 1D,ETF,LU0839027447,Distribuerende,XDJP.DE,GER,https://finance.yahoo.com/quote/XDJP.DE/,lager,aktieindkomst,yes,ABIS 2026,https://skat.dk/media/euzdrcqh/august-2026-abis-liste-2021-2026.xlsx,2026-08-28
Xtrackers Nikkei 225 UCITS ETF 2D EUR Hedged,ETF,LU1875395870,Distribuerende,XDJE.DE,GER,https://finance.yahoo.com/quote/XDJE.DE/,lager,aktieindkomst,yes,ABIS 2026,https://skat.dk/media/euzdrcqh/august-2026-abis-liste-2021-2026.xlsx,2026-08-28
Xtrackers Nordic Net Zero Pathway Paris Aligned UCITS ETF 1C,ETF,IE000HT7E0B1,Akkumulerende,XNZN.DE,GER,https://finance.yahoo.com/quote/XNZN.DE/,lager,aktieindkomst,yes,ABIS 2026,https://skat.dk/media/euzdrcqh/august-2026-abis-liste-2021-2026.xlsx,2026-08-28
Xtrackers Russell 2000 UCITS ETF 1C,ETF,IE00BJZ2DD79,Akkumulerende,XRSU.L,LSE,https://finance.yahoo.com/quote/XRSU.L/,lager,aktieindkomst,yes,ABIS 2026,https://skat.dk/media/euzdrcqh/august-2026-abis-liste-2021-2026.xlsx,2026-08-28
Xtrackers S&P 500 Equal Weight Scored & Screened UCITS ETF 1C,ETF,IE0004MFRED4,Akkumulerende,XZEW.L,LSE,https://finance.yahoo.com/quote/XZEW.L/,lager,aktieindkomst,yes,ABIS 2026,https://skat.dk/media/euzdrcqh/august-2026-abis-liste-2021-2026.xlsx,2026-08-28
Xtrackers S&P 500 Equal Weight Scored & Screened UCITS ETF 2C - EUR Hedged,ETF,IE000IDLWOL4,Akkumulerende,XEWE.DE,GER,https://finance.yahoo.com/quote/XEWE.DE/,lager,aktieindkomst,yes,ABIS 2026,https://skat.dk/media/euzdrcqh/august-2026-abis-liste-2021-2026.xlsx,2026-08-28
Xtrackers S&P 500 Equal Weight UCITS ETF 1C,ETF,IE00BLNMYC90,Akkumulerende,XDEW.L,LSE,https://finance.yahoo.com/quote/XDEW.L/,lager,aktieindkomst,yes,ABIS 2026,https://skat.dk/media/euzdrcqh/august-2026-abis-liste-2021-2026.xlsx,2026-08-28
Xtrackers S&P 500 Scored & Screened UCITS ETF 1C,ETF,IE0007ULOZS8,Akkumulerende,XZSP.L,LSE,https://finance.yahoo.com/quote/XZSP.L/,lager,aktieindkomst,yes,ABIS 2026,https://skat.dk/media/euzdrcqh/august-2026-abis-liste-2021-2026.xlsx,2026-08-28
Xtrackers S&P 500 UCITS ETF 1C EUR Hedged,ETF,IE00BM67HW99,Akkumulerende,XDPE.DE,GER,https://finance.yahoo.com/quote/XDPE.DE/,lager,aktieindkomst,yes,ABIS 2026,https://skat.dk/media/euzdrcqh/august-2026-abis-liste-2021-2026.xlsx,2026-08-28
Xtrackers S&P 500 UCITS ETF 1D EUR Hedged,ETF,IE00BGJWX091,Distribuerende,XDPD.DE,GER,https://finance.yahoo.com/quote/XDPD.DE/,lager,aktieindkomst,yes,ABIS 2026,https://skat.dk/media/euzdrcqh/august-2026-abis-liste-2021-2026.xlsx,2026-08-28
Xtrackers S&P 500 UCITS ETF 4C,ETF,IE000Z9SJA06,Akkumulerende,XDPU.L,LSE,https://finance.yahoo.com/quote/XDPU.L/,lager,aktieindkomst,yes,ABIS 2026,https://skat.dk/media/euzdrcqh/august-2026-abis-liste-2021-2026.xlsx,2026-08-28
Xtrackers S&P Europe ex UK UCITS ETF 1D,ETF,IE00BGV5VM45,Distribuerende,XUEK.DE,GER,https://finance.yahoo.com/quote/XUEK.DE/,lager,aktieindkomst,yes,ABIS 2026,https://skat.dk/media/euzdrcqh/august-2026-abis-liste-2021-2026.xlsx,2026-08-28
Xtrackers Stoxx Europe 600 UCITS ETF 1C,ETF,LU0328475792,Akkumulerende,XSX6.DE,GER,https://finance.yahoo.com/quote/XSX6.DE/,lager,aktieindkomst,yes,ABIS 2026,https://skat.dk/media/euzdrcqh/august-2026-abis-liste-2021-2026.xlsx,2026-08-28
Xtrackers STOXX Europe 600 UCITS ETF 2C - EUR Hedged,ETF,LU1772333404,Akkumulerende,XSXE.DE,GER,https://finance.yahoo.com/quote/XSXE.DE/,lager,aktieindkomst,yes,ABIS 2026,https://skat.dk/media/euzdrcqh/august-2026-abis-liste-2021-2026.xlsx,2026-08-28
Xtrackers Stoxx European Market Leaders UCITS ETF 1C,ETF,IE00BNKF6C99,Akkumulerende,XZEC.DE,GER,https://finance.yahoo.com/quote/XZEC.DE/,lager,aktieindkomst,yes,ABIS 2026,https://skat.dk/media/euzdrcqh/august-2026-abis-liste-2021-2026.xlsx,2026-08-28
Xtrackers US Equity Enhanced Active UCITS ETF 1C,ETF,IE0002PGSLZ5,Akkumulerende,XEEU.L,LSE,https://finance.yahoo.com/quote/XEEU.L/,lager,aktieindkomst,yes,ABIS 2026,https://skat.dk/media/euzdrcqh/august-2026-abis-liste-2021-2026.xlsx,2026-08-28
Xtrackers World Biodiversity Focus SRI UCITS ETF 1C,ETF,IE000E0V65D8,Akkumulerende,XBI0.L,LSE,https://finance.yahoo.com/quote/XBI0.L/,lager,aktieindkomst,yes,ABIS 2026,https://skat.dk/media/euzdrcqh/august-2026-abis-liste-2021-2026.xlsx,2026-08-28
Xtrackers World Equity Enhanced Active UCITS ETF 1C,ETF,IE00094GSCQ4,Akkumulerende,XEEW.L,LSE,https://finance.yahoo.com/quote/XEEW.L/,lager,aktieindkomst,yes,ABIS 2026,https://skat.dk/media/euzdrcqh/august-2026-abis-liste-2021-2026.xlsx,2026-08-28
Accunia High Yield Strategies DKK,Investeringsforeninger,DK0061149036,Distribuerende,ACKHYS.CO,CPH,https://finance.yahoo.com/quote/ACKHYS.CO/,lager,kapitalindkomst,no,VP 2026: 8/B,https://info.skat.dk/data.aspx?oid=2460620,2026-02-01
AI Alpha Lab Globale Aktier kl n,Investeringsforeninger,DK0062612644,Distribuerende,PMIAAN.CO,CPH,https://finance.yahoo.com/quote/PMIAAN.CO/,realisations,aktieindkomst,yes,VP 2026: 1/A,https://info.skat.dk/data.aspx?oid=2460620,2026-02-01
ANNOX Kvant Globale Aktier KL,Investeringsforeninger,DK0061272077,Akkumulerende,IAIKGA.CO,CPH,https://finance.yahoo.com/quote/IAIKGA.CO/,lager,aktieindkomst,yes,ABIS 2026,https://skat.dk/media/euzdrcqh/august-2026-abis-liste-2021-2026.xlsx,2026-08-28
BankInv Value GlobAktBrandes A,Investeringsforeninger,DK0060978716,Distribuerende,BAIVGABA.CO,CPH,https://finance.yahoo.com/quote/BAIVGABA.CO/,realisations,aktieindkomst,yes,VP 2026: 1/A,https://info.skat.dk/data.aspx?oid=2460620,2026-02-01
BankInvest Bæredygtige Klimaobl A,Investeringsforeninger,DK0062265666,Distribuerende,BAIBKA.CO,CPH,https://finance.yahoo.com/quote/BAIBKA.CO/,realisations,kapitalindkomst,no,VP 2026: 1/O,https://info.skat.dk/data.aspx?oid=2460620,2026-02-01
BankInvest Bæredygtige Klimaobl Akk. A,Investeringsforeninger,DK0062265823,Akkumulerende,BAIKAA.CO,CPH,https://finance.yahoo.com/quote/BAIKAA.CO/,lager,kapitalindkomst,no,VP 2026: 8/O,https://info.skat.dk/data.aspx?oid=2460620,2026-02-01
BankInvest Danske Aktier,Investeringsforeninger,DK0016060346,Distribuerende,BAIDKAA.CO,CPH,https://finance.yahoo.com/quote/BAIDKAA.CO/,realisations,aktieindkomst,yes,VP 2026: 1/A,https://info.skat.dk/data.aspx?oid=2460620,2026-02-01
BankInvest Danske Aktier Akk A,Investeringsforeninger,DK0060622967,Akkumulerende,BAIDKAAKA.CO,CPH,https://finance.yahoo.com/quote/BAIDKAAKA.CO/,lager,aktieindkomst,yes,ABIS 2026,https://skat.dk/media/euzdrcqh/august-2026-abis-liste-2021-2026.xlsx,2026-08-28
BankInvest EM Aktier Akk A,Investeringsforeninger,DK0062502621,Akkumulerende,BAIEMMAAA.CO,CPH,https://finance.yahoo.com/quote/BAIEMMAAA.CO/,lager,aktieindkomst,yes,ABIS 2026,https://skat.dk/media/euzdrcqh/august-2026-abis-liste-2021-2026.xlsx,2026-08-28
BankInvest EM Korte Obl A,Investeringsforeninger,DK0061540937,Distribuerende,BAIKOA.CO,CPH,https://finance.yahoo.com/quote/BAIKOA.CO/,realisations,kapitalindkomst,no,VP 2026: 1/O,https://info.skat.dk/data.aspx?oid=2460620,2026-02-01
BankInvest EM Korte Obligationer Akk. A,Investeringsforeninger,DK0062500682,Akkumulerende,BAIEMKOAA.CO,CPH,https://finance.yahoo.com/quote/BAIEMKOAA.CO/,lager,kapitalindkomst,no,VP 2026: 8/O,https://info.skat.dk/data.aspx?oid=2460620,2026-02-01
BankInvest EM Obl Lokalvaluta A,Investeringsforeninger,DK0060012037,Distribuerende,BAIEMOLVA.CO,CPH,https://finance.yahoo.com/quote/BAIEMOLVA.CO/,realisations,kapitalindkomst,no,VP 2026: 1/O,https://info.skat.dk/data.aspx?oid=2460620,2026-02-01
BankInvest EM Obligationer A,Investeringsforeninger,DK0016112832,Distribuerende,BAIEMOBA.CO,CPH,https://finance.yahoo.com/quote/BAIEMOBA.CO/,realisations,kapitalindkomst,no,VP 2026: 1/O,https://info.skat.dk/data.aspx?oid=2460620,2026-02-01
BankInvest EM Obligationer Akk. A,Investeringsforeninger,DK0060019552,Akkumulerende,BAIEMOAKA.CO,CPH,https://finance.yahoo.com/quote/BAIEMOAKA.CO/,lager,kapitalindkomst,no,VP 2026: 8/O,https://info.skat.dk/data.aspx?oid=2460620,2026-02-01
BankInvest Emerging Markets Aktier A,Investeringsforeninger,DK0060516854,Distribuerende,BAIEMMAA.CO,CPH,https://finance.yahoo.com/quote/BAIEMMAA.CO/,realisations,aktieindkomst,yes,VP 2026: 1/A,https://info.skat.dk/data.aspx?oid=2460620,2026-02-01
BankInvest Europæisk Forsvar Fremsyn,Investeringsforeninger,DK0064193726,Distribuerende,BAIFFK.CO,CPH,https://finance.yahoo.com/quote/BAIFFK.CO/,realisations,aktieindkomst,yes,VP 2026: 1/A,https://info.skat.dk/data.aspx?oid=2460620,2026-02-01
BankInvest Glb Akt Select A,Investeringsforeninger,DK0061409711,Distribuerende,BAIGASCTA.CO,CPH,https://finance.yahoo.com/quote/BAIGASCTA.CO/,realisations,aktieindkomst,yes,VP 2026: 1/A,https://info.skat.dk/data.aspx?oid=2460620,2026-02-01
BankInvest Glb Akt Select AkA,Investeringsforeninger,DK0061410057,Akkumulerende,BAIGASCTAA.CO,CPH,https://finance.yahoo.com/quote/BAIGASCTAA.CO/,lager,aktieindkomst,yes,ABIS 2026,https://skat.dk/media/euzdrcqh/august-2026-abis-liste-2021-2026.xlsx,2026-08-28
BankInvest Global AI Plus Akk.,Investeringsforeninger,DK0065095094,Akkumulerende,BAIGAIPAKK.CO,CPH,https://finance.yahoo.com/quote/BAIGAIPAKK.CO/,lager,aktieindkomst,yes,ABIS 2026,https://skat.dk/media/euzdrcqh/august-2026-abis-liste-2021-2026.xlsx,2026-08-28
BankInvest Globale Aktier A,Investeringsforeninger,DK0061271426,Distribuerende,BAIGAA.CO,CPH,https://finance.yahoo.com/quote/BAIGAA.CO/,realisations,aktieindkomst,yes,VP 2026: 1/A,https://info.skat.dk/data.aspx?oid=2460620,2026-02-01
BankInvest Globale Aktier Akk. A,Investeringsforeninger,DK0061271699,Akkumulerende,BAIGAAA.CO,CPH,https://finance.yahoo.com/quote/BAIGAAA.CO/,lager,aktieindkomst,yes,ABIS 2026,https://skat.dk/media/euzdrcqh/august-2026-abis-liste-2021-2026.xlsx,2026-08-28
BankInvest Globale Obligationer A,Investeringsforeninger,DK0061295870,Distribuerende,BAIGOA.CO,CPH,https://finance.yahoo.com/quote/BAIGOA.CO/,realisations,kapitalindkomst,no,VP 2026: 1/B,https://info.skat.dk/data.aspx?oid=2460620,2026-02-01
BankInvest Globale Obligationer Akk. A,Investeringsforeninger,DK0061296175,Akkumulerende,BAIGOAA.CO,CPH,https://finance.yahoo.com/quote/BAIGOAA.CO/,lager,kapitalindkomst,no,VP 2026: 8/O,https://info.skat.dk/data.aspx?oid=2460620,2026-02-01
BankInvest Højt Udbytte Aktier A,Investeringsforeninger,DK0060293538,Distribuerende,BAIHUAA.CO,CPH,https://finance.yahoo.com/quote/BAIHUAA.CO/,realisations,aktieindkomst,yes,VP 2026: 1/A,https://info.skat.dk/data.aspx?oid=2460620,2026-02-01
BankInvest Højt Udbytte Aktier Akk. A,Investeringsforeninger,DK0061151362,Akkumulerende,BAIHU.CO,CPH,https://finance.yahoo.com/quote/BAIHU.CO/,lager,aktieindkomst,yes,ABIS 2026,https://skat.dk/media/euzdrcqh/august-2026-abis-liste-2021-2026.xlsx,2026-08-28
BankInvest Korte Danske Obl Akk. A,Investeringsforeninger,DK0060130318,Akkumulerende,BAIKDKOAKA.CO,CPH,https://finance.yahoo.com/quote/BAIKDKOAKA.CO/,lager,kapitalindkomst,no,VP 2026: 8/O,https://info.skat.dk/data.aspx?oid=2460620,2026-02-01
BankInvest Korte Danske Obligationer,Investeringsforeninger,DK0016109614,Distribuerende,BAIKDOBA.CO,CPH,https://finance.yahoo.com/quote/BAIKDOBA.CO/,realisations,kapitalindkomst,no,VP 2026: 1/O,https://info.skat.dk/data.aspx?oid=2460620,2026-02-01
BankInvest Korte HY Obligationer A,Investeringsforeninger,DK0061066255,Distribuerende,BAIKHYOA.CO,CPH,https://finance.yahoo.com/quote/BAIKHYOA.CO/,realisations,kapitalindkomst,no,VP 2026: 1/O,https://info.skat.dk/data.aspx?oid=2460620,2026-02-01
BankInvest Lange Danske Obl. Akk. A,Investeringsforeninger,DK0061151016,Akkumulerende,BAILDKOAA.CO,CPH,https://finance.yahoo.com/quote/BAILDKOAA.CO/,lager,kapitalindkomst,no,VP 2026: 8/O,https://info.skat.dk/data.aspx?oid=2460620,2026-02-01
BankInvest Lange Danske Obligationer,Investeringsforeninger,DK0016109531,Distribuerende,BAILDOBA.CO,CPH,https://finance.yahoo.com/quote/BAILDOBA.CO/,realisations,kapitalindkomst,no,VP 2026: 1/O,https://info.skat.dk/data.aspx?oid=2460620,2026-02-01
BankInvest Mellemlange Danske Obl. A,Investeringsforeninger,DK0015908719,Distribuerende,BAIMDOA.CO,CPH,https://finance.yahoo.com/quote/BAIMDOA.CO/,realisations,kapitalindkomst,no,VP 2026: 1/O,https://info.skat.dk/data.aspx?oid=2460620,2026-02-01
BankInvest Mellemlange DK Obl Akk. A,Investeringsforeninger,DK0062500849,Akkumulerende,BAIMLDKOAA.CO,CPH,https://finance.yahoo.com/quote/BAIMLDKOAA.CO/,lager,kapitalindkomst,no,VP 2026: 8/O,https://info.skat.dk/data.aspx?oid=2460620,2026-02-01
BankInvest Optima 10 Akk. KL,Investeringsforeninger,DK0060335552,Akkumulerende,BIV10A.CO,CPH,https://finance.yahoo.com/quote/BIV10A.CO/,lager,kapitalindkomst,no,VP 2026: 8/B,https://info.skat.dk/data.aspx?oid=2460620,2026-02-01
BankInvest Optima 10 KL,Investeringsforeninger,DK0060762540,Distribuerende,BIV10.CO,CPH,https://finance.yahoo.com/quote/BIV10.CO/,realisations,kapitalindkomst,no,VP 2026: 1/B,https://info.skat.dk/data.aspx?oid=2460620,2026-02-01
BankInvest Optima 30 Akk KL,Investeringsforeninger,DK0060745966,Akkumulerende,BIV30A.CO,CPH,https://finance.yahoo.com/quote/BIV30A.CO/,lager,kapitalindkomst,no,VP 2026: 8/B,https://info.skat.dk/data.aspx?oid=2460620,2026-02-01
BankInvest Optima 30 KL,Investeringsforeninger,DK0060762623,Distribuerende,BIV30.CO,CPH,https://finance.yahoo.com/quote/BIV30.CO/,realisations,kapitalindkomst,no,VP 2026: 1/B,https://info.skat.dk/data.aspx?oid=2460620,2026-02-01
BankInvest Optima 55 Akk. KL,Investeringsforeninger,DK0060335636,Akkumulerende,BIV55A.CO,CPH,https://finance.yahoo.com/quote/BIV55A.CO/,lager,aktieindkomst,yes,ABIS 2026,https://skat.dk/media/euzdrcqh/august-2026-abis-liste-2021-2026.xlsx,2026-08-28
BankInvest Optima 55 KL,Investeringsforeninger,DK0060762706,Distribuerende,BIV55.CO,CPH,https://finance.yahoo.com/quote/BIV55.CO/,realisations,aktieindkomst,yes,VP 2026: 1/A,https://info.skat.dk/data.aspx?oid=2460620,2026-02-01
BankInvest Optima 75 Akk. KL,Investeringsforeninger,DK0060089092,Akkumulerende,BIV75A.CO,CPH,https://finance.yahoo.com/quote/BIV75A.CO/,lager,aktieindkomst,yes,ABIS 2026,https://skat.dk/media/euzdrcqh/august-2026-abis-liste-2021-2026.xlsx,2026-08-28
BankInvest Optima 75 KL,Investeringsforeninger,DK0060762896,Distribuerende,BIV75.CO,CPH,https://finance.yahoo.com/quote/BIV75.CO/,realisations,aktieindkomst,yes,VP 2026: 1/A,https://info.skat.dk/data.aspx?oid=2460620,2026-02-01
BankInvest Optima Aktier Akk. KL,Investeringsforeninger,DK0061152410,Akkumulerende,BIVOAA.CO,CPH,https://finance.yahoo.com/quote/BIVOAA.CO/,lager,aktieindkomst,yes,ABIS 2026,https://skat.dk/media/euzdrcqh/august-2026-abis-liste-2021-2026.xlsx,2026-08-28
BankInvest Optima Aktier KL,Investeringsforeninger,DK0061533569,Distribuerende,BIVOPA.CO,CPH,https://finance.yahoo.com/quote/BIVOPA.CO/,realisations,aktieindkomst,yes,VP 2026: 1/A,https://info.skat.dk/data.aspx?oid=2460620,2026-02-01
BankInvest Optima Bæredygtig Omtanke 10,Investeringsforeninger,DK0063180880,Distribuerende,BIVO10.CO,CPH,https://finance.yahoo.com/quote/BIVO10.CO/,realisations,kapitalindkomst,no,VP 2026: 1/B,https://info.skat.dk/data.aspx?oid=2460620,2026-02-01
BankInvest Optima Bæredygtig Omtanke 30,Investeringsforeninger,DK0063180963,Distribuerende,BIVO30.CO,CPH,https://finance.yahoo.com/quote/BIVO30.CO/,realisations,kapitalindkomst,no,VP 2026: 1/B,https://info.skat.dk/data.aspx?oid=2460620,2026-02-01
BankInvest Optima Bæredygtig Omtanke 55,Investeringsforeninger,DK0063181185,Distribuerende,BIVO55.CO,CPH,https://finance.yahoo.com/quote/BIVO55.CO/,realisations,aktieindkomst,yes,VP 2026: 1/A,https://info.skat.dk/data.aspx?oid=2460620,2026-02-01
BankInvest Optima Bæredygtig Omtanke 75,Investeringsforeninger,DK0063181268,Distribuerende,BIVO75.CO,CPH,https://finance.yahoo.com/quote/BIVO75.CO/,realisations,aktieindkomst,yes,VP 2026: 1/A,https://info.skat.dk/data.aspx?oid=2460620,2026-02-01
BankInvest Optima Rente A,Investeringsforeninger,DK0061272747,Distribuerende,BIVORA.CO,CPH,https://finance.yahoo.com/quote/BIVORA.CO/,realisations,kapitalindkomst,no,VP 2026: 1/O,https://info.skat.dk/data.aspx?oid=2460620,2026-02-01
BankInvest Optima Rente Akk. A,Investeringsforeninger,DK0061272903,Akkumulerende,BIVOPRAA.CO,CPH,https://finance.yahoo.com/quote/BIVOPRAA.CO/,lager,kapitalindkomst,no,VP 2026: 8/O,https://info.skat.dk/data.aspx?oid=2460620,2026-02-01
BankInvest Virksomhedsobl IG Akk. A,Investeringsforeninger,DK0060019636,Akkumulerende,BAIVOIGAKA.CO,CPH,https://finance.yahoo.com/quote/BAIVOIGAKA.CO/,lager,kapitalindkomst,no,VP 2026: 8/O,https://info.skat.dk/data.aspx?oid=2460620,2026-02-01
BankInvest Virksomhedsobligationer HY A,Investeringsforeninger,DK0060461424,Distribuerende,BAIVOHYA.CO,CPH,https://finance.yahoo.com/quote/BAIVOHYA.CO/,realisations,kapitalindkomst,no,VP 2026: 1/B,https://info.skat.dk/data.aspx?oid=2460620,2026-02-01
BankInvest Virksomhedsobligationer IG,Investeringsforeninger,DK0010296813,Distribuerende,BAIVOIGA.CO,CPH,https://finance.yahoo.com/quote/BAIVOIGA.CO/,realisations,kapitalindkomst,no,VP 2026: 1/B,https://info.skat.dk/data.aspx?oid=2460620,2026-02-01
BIX Globale Aktier Indeks KL,Investeringsforeninger,DK0061133709,Distribuerende,BXIGAI.CO,CPH,https://finance.yahoo.com/quote/BXIGAI.CO/,realisations,aktieindkomst,yes,VP 2026: 1/A,https://info.skat.dk/data.aspx?oid=2460620,2026-02-01
BIX USA Aktier Indeks A,Investeringsforeninger,DK0061279163,Distribuerende,BXIUSAAIA.CO,CPH,https://finance.yahoo.com/quote/BXIUSAAIA.CO/,realisations,aktieindkomst,yes,VP 2026: 1/A,https://info.skat.dk/data.aspx?oid=2460620,2026-02-01
C WorldWide Asien KL A,Investeringsforeninger,DK0060057644,Distribuerende,CWIASKLA.CO,CPH,https://finance.yahoo.com/quote/CWIASKLA.CO/,realisations,aktieindkomst,yes,VP 2026: 1/A,https://info.skat.dk/data.aspx?oid=2460620,2026-02-01
C WorldWide Emerging Markets KL,Investeringsforeninger,DK0015945166,Distribuerende,CWIEMMKL.CO,CPH,https://finance.yahoo.com/quote/CWIEMMKL.CO/,realisations,aktieindkomst,yes,VP 2026: 1/A,https://info.skat.dk/data.aspx?oid=2460620,2026-02-01
C WorldWide Globale Aktier - AKK KL A,Investeringsforeninger,DK0060655702,Akkumulerende,CWIGAAKKKLA.CO,CPH,https://finance.yahoo.com/quote/CWIGAAKKKLA.CO/,lager,kapitalindkomst,no,VP 2026: 8/B,https://info.skat.dk/data.aspx?oid=2460620,2026-02-01
C WorldWide Globale Aktier Etik KL,Investeringsforeninger,DK0060287217,Distribuerende,CWIGAEKLUDL.CO,CPH,https://finance.yahoo.com/quote/CWIGAEKLUDL.CO/,lager,kapitalindkomst,no,VP 2026: 8/B,https://info.skat.dk/data.aspx?oid=2460620,2026-02-01
C WorldWide Globale Aktier KL A,Investeringsforeninger,DK0010157965,Distribuerende,CWIGAKLA.CO,CPH,https://finance.yahoo.com/quote/CWIGAKLA.CO/,realisations,aktieindkomst,yes,VP 2026: 1/A,https://info.skat.dk/data.aspx?oid=2460620,2026-02-01
C WorldWide Indien KL A,Investeringsforeninger,DK0061534963,Distribuerende,CWIIA.CO,CPH,https://finance.yahoo.com/quote/CWIIA.CO/,realisations,aktieindkomst,yes,VP 2026: 1/A,https://info.skat.dk/data.aspx?oid=2460620,2026-02-01
C WorldWide Stabile Aktier KL A,Investeringsforeninger,DK0010312529,Distribuerende,CWISAKTKLA.CO,CPH,https://finance.yahoo.com/quote/CWISAKTKLA.CO/,realisations,aktieindkomst,yes,VP 2026: 1/A,https://info.skat.dk/data.aspx?oid=2460620,2026-02-01
Carnegie Wealth Management Nordiske Akt,Investeringsforeninger,DK0061136058,Distribuerende,CMINOA.CO,CPH,https://finance.yahoo.com/quote/CMINOA.CO/,realisations,aktieindkomst,yes,VP 2026: 1/A,https://info.skat.dk/data.aspx?oid=2460620,2026-02-01
Climate Transition Bonds KL N,Investeringsforeninger,DK0063179445,Akkumulerende,PMICTBKLN.CO,CPH,https://finance.yahoo.com/quote/PMICTBKLN.CO/,lager,kapitalindkomst,no,VP 2026: 8/O,https://info.skat.dk/data.aspx?oid=2460620,2026-02-01
Danske Inv Dannebr Mellemla. Obl kl DKKd,Investeringsforeninger,DK0010078070,Distribuerende,DKIDMOBL.CO,CPH,https://finance.yahoo.com/quote/DKIDMOBL.CO/,realisations,kapitalindkomst,no,VP 2026: 1/O,https://info.skat.dk/data.aspx?oid=2460620,2026-02-01
Danske Inv Danske Korte Obl kl DKK d,Investeringsforeninger,DK0016290422,Distribuerende,DKIKO.CO,CPH,https://finance.yahoo.com/quote/DKIKO.CO/,realisations,kapitalindkomst,no,VP 2026: 1/O,https://info.skat.dk/data.aspx?oid=2460620,2026-02-01
Danske Inv Danske Lange Obl kl DKKd,Investeringsforeninger,DK0016105380,Distribuerende,DKIDKLOBL.CO,CPH,https://finance.yahoo.com/quote/DKIDKLOBL.CO/,realisations,kapitalindkomst,no,VP 2026: 1/O,https://info.skat.dk/data.aspx?oid=2460620,2026-02-01
Danske Inv Euro Inv Grade-Obl kl DKKdh,Investeringsforeninger,DK0060448751,Distribuerende,DKIEIGO.CO,CPH,https://finance.yahoo.com/quote/DKIEIGO.CO/,realisations,kapitalindkomst,no,VP 2026: 1/O,https://info.skat.dk/data.aspx?oid=2460620,2026-02-01
Danske Inv Europa Højt Udb Akk kl DKK,Investeringsforeninger,DK0060058618,Akkumulerende,DKIEUHUAKLDKK.CO,CPH,https://finance.yahoo.com/quote/DKIEUHUAKLDKK.CO/,lager,kapitalindkomst,no,VP 2026: 8/B,https://info.skat.dk/data.aspx?oid=2460620,2026-02-01
Danske Inv Europa Højt Udbytte kl DKK d,Investeringsforeninger,DK0016253651,Distribuerende,DKIEAUHU.CO,CPH,https://finance.yahoo.com/quote/DKIEAUHU.CO/,realisations,aktieindkomst,yes,VP 2026: 1/A,https://info.skat.dk/data.aspx?oid=2460620,2026-02-01
Danske Inv Europa Indeks BNP KL DKK d,Investeringsforeninger,DK0015737563,Distribuerende,DKIEUIXBNP.CO,CPH,https://finance.yahoo.com/quote/DKIEUIXBNP.CO/,realisations,aktieindkomst,yes,VP 2026: 1/A,https://info.skat.dk/data.aspx?oid=2460620,2026-02-01
Danske Inv Europa Indeks KL DKK d,Investeringsforeninger,DK0010266311,Distribuerende,DKIEUIX.CO,CPH,https://finance.yahoo.com/quote/DKIEUIX.CO/,realisations,aktieindkomst,yes,VP 2026: 1/A,https://info.skat.dk/data.aspx?oid=2460620,2026-02-01
Danske Inv Europa Small Cap Akk kl DKK,Investeringsforeninger,DK0060640191,Akkumulerende,DKIEUSCADKK.CO,CPH,https://finance.yahoo.com/quote/DKIEUSCADKK.CO/,lager,kapitalindkomst,no,VP 2026: 8/B,https://info.skat.dk/data.aspx?oid=2460620,2026-02-01
"Danske Inv Glo High Yield-Obl, kl DKKdh",Investeringsforeninger,DK0060448918,Distribuerende,DKIGHYB.CO,CPH,https://finance.yahoo.com/quote/DKIGHYB.CO/,realisations,kapitalindkomst,no,VP 2026: 1/O,https://info.skat.dk/data.aspx?oid=2460620,2026-02-01
"Danske Inv Glo Lange Indeksobl, kl DKKdh",Investeringsforeninger,DK0060187771,Distribuerende,DKIGLIO.CO,CPH,https://finance.yahoo.com/quote/DKIGLIO.CO/,realisations,kapitalindkomst,no,VP 2026: 1/O,https://info.skat.dk/data.aspx?oid=2460620,2026-02-01
"Danske Inv Global Indeks, kl DKK d",Investeringsforeninger,DK0010263052,Distribuerende,DKIGI.CO,CPH,https://finance.yahoo.com/quote/DKIGI.CO/,realisations,aktieindkomst,yes,VP 2026: 1/A,https://info.skat.dk/data.aspx?oid=2460620,2026-02-01
Danske Inv Globale Obligationsmark KL,Investeringsforeninger,DK0016255193,Distribuerende,DKIGOM.CO,CPH,https://finance.yahoo.com/quote/DKIGOM.CO/,realisations,kapitalindkomst,no,VP 2026: 1/O,https://info.skat.dk/data.aspx?oid=2460620,2026-02-01
"Danske Inv Globale Virk obl, kl DKK d h",Investeringsforeninger,DK0016075294,Distribuerende,DKIGLOVO.CO,CPH,https://finance.yahoo.com/quote/DKIGLOVO.CO/,realisations,kapitalindkomst,no,VP 2026: 1/O,https://info.skat.dk/data.aspx?oid=2460620,2026-02-01
Danske Inv GloLangeIndeksobl Akk kl DKKh,Investeringsforeninger,DK0060140705,Akkumulerende,DKIGLIADKKH.CO,CPH,https://finance.yahoo.com/quote/DKIGLIADKKH.CO/,lager,kapitalindkomst,no,VP 2026: 8/O,https://info.skat.dk/data.aspx?oid=2460620,2026-02-01
Danske Inv GloMellemlang IndObl kl DKKdh,Investeringsforeninger,DK0060550523,Distribuerende,DKIGMI.CO,CPH,https://finance.yahoo.com/quote/DKIGMI.CO/,realisations,kapitalindkomst,no,VP 2026: 1/O,https://info.skat.dk/data.aspx?oid=2460620,2026-02-01
Danske Inv Mix Ob Akk kl DKK h,Investeringsforeninger,DK0060010924,Akkumulerende,DKIMOA.CO,CPH,https://finance.yahoo.com/quote/DKIMOA.CO/,lager,kapitalindkomst,no,VP 2026: 8/B,https://info.skat.dk/data.aspx?oid=2460620,2026-02-01
Danske Inv Nordiske Virk.obl Akk KL,Investeringsforeninger,DK0060500502,Akkumulerende,DKINVO.CO,CPH,https://finance.yahoo.com/quote/DKINVO.CO/,lager,kapitalindkomst,no,VP 2026: 8/O,https://info.skat.dk/data.aspx?oid=2460620,2026-02-01
"Danske Inv Nye Mark Obl, kl DKK d h",Investeringsforeninger,DK0016209323,Distribuerende,DKINMOBL.CO,CPH,https://finance.yahoo.com/quote/DKINMOBL.CO/,realisations,kapitalindkomst,no,VP 2026: 1/O,https://info.skat.dk/data.aspx?oid=2460620,2026-02-01
Danske Invest Danmark Akk KL DKK,Investeringsforeninger,DK0016208515,Akkumulerende,DKIDKA.CO,CPH,https://finance.yahoo.com/quote/DKIDKA.CO/,lager,kapitalindkomst,no,VP 2026: 8/B,https://info.skat.dk/data.aspx?oid=2460620,2026-02-01
Danske Invest Danmark Fokus KL DKK d,Investeringsforeninger,DK0060244325,Distribuerende,DKIDKF.CO,CPH,https://finance.yahoo.com/quote/DKIDKF.CO/,realisations,aktieindkomst,yes,VP 2026: 1/A,https://info.skat.dk/data.aspx?oid=2460620,2026-02-01
Danske Invest Danmark Indeks KL DKK d,Investeringsforeninger,DK0010266238,Distribuerende,DKIDKIX.CO,CPH,https://finance.yahoo.com/quote/DKIDKIX.CO/,realisations,aktieindkomst,yes,VP 2026: 1/A,https://info.skat.dk/data.aspx?oid=2460620,2026-02-01
Danske Invest Danmark KL DKK d,Investeringsforeninger,DK0010252873,Distribuerende,DKIDK.CO,CPH,https://finance.yahoo.com/quote/DKIDK.CO/,realisations,aktieindkomst,yes,VP 2026: 1/A,https://info.skat.dk/data.aspx?oid=2460620,2026-02-01
Danske Invest Euro HY Obl kl DKK d h,Investeringsforeninger,DK0060486843,Distribuerende,DKIEUHYODKKDH.CO,CPH,https://finance.yahoo.com/quote/DKIEUHYODKKDH.CO/,realisations,kapitalindkomst,no,VP 2026: 1/O,https://info.skat.dk/data.aspx?oid=2460620,2026-02-01
Danske Invest Euro HY-Obl - Akk kl DKK h,Investeringsforeninger,DK0060497378,Akkumulerende,DKIEUHYOAKKDKKH.CO,CPH,https://finance.yahoo.com/quote/DKIEUHYOAKKDKKH.CO/,lager,kapitalindkomst,no,VP 2026: 8/O,https://info.skat.dk/data.aspx?oid=2460620,2026-02-01
Danske Invest Europa 2 KL,Investeringsforeninger,DK0010245901,Distribuerende,DKIEU2KL.CO,CPH,https://finance.yahoo.com/quote/DKIEU2KL.CO/,realisations,aktieindkomst,yes,VP 2026: 1/A,https://info.skat.dk/data.aspx?oid=2460620,2026-02-01
Danske Invest Europa Akk KL DKK h,Investeringsforeninger,DK0016290265,Akkumulerende,DKIEUADKKH.CO,CPH,https://finance.yahoo.com/quote/DKIEUADKKH.CO/,lager,kapitalindkomst,no,VP 2026: 8/B,https://info.skat.dk/data.aspx?oid=2460620,2026-02-01
Danske Invest Europa KL DKK d,Investeringsforeninger,DK0010252956,Distribuerende,DKIEU.CO,CPH,https://finance.yahoo.com/quote/DKIEU.CO/,realisations,aktieindkomst,yes,VP 2026: 1/A,https://info.skat.dk/data.aspx?oid=2460620,2026-02-01
Danske Invest Europa Small Cap KL DKK d,Investeringsforeninger,DK0060046019,Distribuerende,DKIEUSC.CO,CPH,https://finance.yahoo.com/quote/DKIEUSC.CO/,realisations,aktieindkomst,yes,VP 2026: 1/A,https://info.skat.dk/data.aspx?oid=2460620,2026-02-01
Danske Invest Fjernøsten Indeks KL DKK d,Investeringsforeninger,DK0010207141,Distribuerende,DKINMAI.CO,CPH,https://finance.yahoo.com/quote/DKINMAI.CO/,realisations,aktieindkomst,yes,VP 2026: 1/A,https://info.skat.dk/data.aspx?oid=2460620,2026-02-01
Danske Invest Fonde KL DKK d,Investeringsforeninger,DK0015989610,Distribuerende,DKIFO.CO,CPH,https://finance.yahoo.com/quote/DKIFO.CO/,realisations,kapitalindkomst,no,VP 2026: 1/O,https://info.skat.dk/data.aspx?oid=2460620,2026-02-01
Danske Invest Global Indeks 2 - Akk,Investeringsforeninger,DK0063068028,Akkumulerende,DKIGI2AKK.CO,CPH,https://finance.yahoo.com/quote/DKIGI2AKK.CO/,lager,kapitalindkomst,no,VP 2026: 8/B,https://info.skat.dk/data.aspx?oid=2460620,2026-02-01
Danske Invest Global Indeks Akk KL DKK h,Investeringsforeninger,DK0016248222,Akkumulerende,DKIGIADKKH.CO,CPH,https://finance.yahoo.com/quote/DKIGIADKKH.CO/,lager,kapitalindkomst,no,VP 2026: 8/B,https://info.skat.dk/data.aspx?oid=2460620,2026-02-01
Danske Invest Indeksobligationer KL,Investeringsforeninger,DK0015942650,Distribuerende,DKIDIO.CO,CPH,https://finance.yahoo.com/quote/DKIDIO.CO/,realisations,kapitalindkomst,no,VP 2026: 1/O,https://info.skat.dk/data.aspx?oid=2460620,2026-02-01
Danske Invest Japan KL DKK d,Investeringsforeninger,DK0015971675,Distribuerende,DKIJAP.CO,CPH,https://finance.yahoo.com/quote/DKIJAP.CO/,realisations,aktieindkomst,yes,VP 2026: 1/A,https://info.skat.dk/data.aspx?oid=2460620,2026-02-01
Danske Invest Nye Markeder 2,Investeringsforeninger,DK0060080380,Distribuerende,DKINM2.CO,CPH,https://finance.yahoo.com/quote/DKINM2.CO/,realisations,aktieindkomst,yes,VP 2026: 1/A,https://info.skat.dk/data.aspx?oid=2460620,2026-02-01
Danske Invest Nye Markeder Akk KL DKK,Investeringsforeninger,DK0060042026,Akkumulerende,DKINMAKK.CO,CPH,https://finance.yahoo.com/quote/DKINMAKK.CO/,lager,kapitalindkomst,no,VP 2026: 8/B,https://info.skat.dk/data.aspx?oid=2460620,2026-02-01
Danske Invest Nye Markeder KL DKK d,Investeringsforeninger,DK0015710602,Distribuerende,DKINYM.CO,CPH,https://finance.yahoo.com/quote/DKINYM.CO/,realisations,aktieindkomst,yes,VP 2026: 1/A,https://info.skat.dk/data.aspx?oid=2460620,2026-02-01
Danske Invest USA Indeks AKK KL DKK h,Investeringsforeninger,DK0016290349,Akkumulerende,DKIUSAIAKKDKKH.CO,CPH,https://finance.yahoo.com/quote/DKIUSAIAKKDKKH.CO/,lager,kapitalindkomst,no,VP 2026: 8/B,https://info.skat.dk/data.aspx?oid=2460620,2026-02-01
Danske Invest USA Indeks KL DKK d,Investeringsforeninger,DK0010257757,Distribuerende,DKIUSAIKLDKKD.CO,CPH,https://finance.yahoo.com/quote/DKIUSAIKLDKKD.CO/,realisations,aktieindkomst,yes,VP 2026: 1/A,https://info.skat.dk/data.aspx?oid=2460620,2026-02-01
Danske InvSelectGlSuFut3 DKK d,Investeringsforeninger,DK0060244408,Distribuerende,DSIGSFUT3DKKD.CO,CPH,https://finance.yahoo.com/quote/DSIGSFUT3DKKD.CO/,realisations,aktieindkomst,yes,VP 2026: 1/A,https://info.skat.dk/data.aspx?oid=2460620,2026-02-01
"DI Danmark Indeks ex OMXC20, kl DKKd",Investeringsforeninger,DK0060244242,Distribuerende,DKIDKIEXOMXC20D.CO,CPH,https://finance.yahoo.com/quote/DKIDKIEXOMXC20D.CO/,realisations,aktieindkomst,yes,VP 2026: 1/A,https://info.skat.dk/data.aspx?oid=2460620,2026-02-01
DI Global Sustainable Future 2 KL,Investeringsforeninger,DK0010270503,Distribuerende,DKIGSFUT2.CO,CPH,https://finance.yahoo.com/quote/DKIGSFUT2.CO/,realisations,aktieindkomst,yes,VP 2026: 1/A,https://info.skat.dk/data.aspx?oid=2460620,2026-02-01
DI Global Sustainable Future kl DKK d,Investeringsforeninger,DK0010264530,Distribuerende,DKIGSFUTDKKD.CO,CPH,https://finance.yahoo.com/quote/DKIGSFUTDKKD.CO/,realisations,aktieindkomst,yes,VP 2026: 1/A,https://info.skat.dk/data.aspx?oid=2460620,2026-02-01
DI Global Sustainable Future-Akk kl DKK,Investeringsforeninger,DK0016208788,Akkumulerende,DKIGSFUT.CO,CPH,https://finance.yahoo.com/quote/DKIGSFUT.CO/,lager,kapitalindkomst,no,VP 2026: 8/B,https://info.skat.dk/data.aspx?oid=2460620,2026-02-01
Fairrente KL n,Investeringsforeninger,DK0062840195,Akkumulerende,PMIFRKLN.CO,CPH,https://finance.yahoo.com/quote/PMIFRKLN.CO/,realisations,kapitalindkomst,no,VP 2026: 1/O,https://info.skat.dk/data.aspx?oid=2460620,2026-02-01
Falcon Brighter Future,Investeringsforeninger,DK0061152840,Akkumulerende,IAIFBF.CO,CPH,https://finance.yahoo.com/quote/IAIFBF.CO/,lager,aktieindkomst,yes,ABIS 2026,https://skat.dk/media/euzdrcqh/august-2026-abis-liste-2021-2026.xlsx,2026-08-28
Falcon Danske Aktier,Investeringsforeninger,DK0060854313,Akkumulerende,IAIFDA.CO,CPH,https://finance.yahoo.com/quote/IAIFDA.CO/,lager,aktieindkomst,yes,ABIS 2026,https://skat.dk/media/euzdrcqh/august-2026-abis-liste-2021-2026.xlsx,2026-08-28
Formuepleje Better Wld Environ Lead akk,Investeringsforeninger,DK0061068624,Akkumulerende,FPIBWELA.CO,CPH,https://finance.yahoo.com/quote/FPIBWELA.CO/,lager,aktieindkomst,yes,ABIS 2026,https://skat.dk/media/euzdrcqh/august-2026-abis-liste-2021-2026.xlsx,2026-08-28
Formuepleje Better WldGlob Opportunit ak,Investeringsforeninger,DK0061146529,Akkumulerende,FPIBWGOA.CO,CPH,https://finance.yahoo.com/quote/FPIBWGOA.CO/,lager,aktieindkomst,yes,ABIS 2026,https://skat.dk/media/euzdrcqh/august-2026-abis-liste-2021-2026.xlsx,2026-08-28
Formuepleje EM Virk. Obligationer,Investeringsforeninger,DK0060632842,Distribuerende,FPIEVO.CO,CPH,https://finance.yahoo.com/quote/FPIEVO.CO/,realisations,kapitalindkomst,no,VP 2026: 1/B,https://info.skat.dk/data.aspx?oid=2460620,2026-02-01
Formuepleje Epikur,Investeringsforeninger,DK0060498269,Akkumulerende,FPKEPI.CO,CPH,https://finance.yahoo.com/quote/FPKEPI.CO/,lager,kapitalindkomst,no,VP 2026: 8/B,https://info.skat.dk/data.aspx?oid=2460620,2026-02-01
Formuepleje Fokus,Investeringsforeninger,DK0060498509,Akkumulerende,FPKFO.CO,CPH,https://finance.yahoo.com/quote/FPKFO.CO/,lager,kapitalindkomst,no,VP 2026: 8/B,https://info.skat.dk/data.aspx?oid=2460620,2026-02-01
Formuepleje Global Future akk,Investeringsforeninger,DK0062499737,Akkumulerende,FPIGFUA.CO,CPH,https://finance.yahoo.com/quote/FPIGFUA.CO/,lager,aktieindkomst,yes,ABIS 2026,https://skat.dk/media/euzdrcqh/august-2026-abis-liste-2021-2026.xlsx,2026-08-28
Formuepleje Global future udl,Investeringsforeninger,DK0064192751,Distribuerende,FPIFUD.CO,CPH,https://finance.yahoo.com/quote/FPIFUD.CO/,realisations,aktieindkomst,yes,VP 2026: 1/A,https://info.skat.dk/data.aspx?oid=2460620,2026-02-01
Formuepleje Global High Yield,Investeringsforeninger,DK0016108640,Distribuerende,FPIGHY.CO,CPH,https://finance.yahoo.com/quote/FPIGHY.CO/,realisations,kapitalindkomst,no,VP 2026: 1/B,https://info.skat.dk/data.aspx?oid=2460620,2026-02-01
Formuepleje Globale Aktier,Investeringsforeninger,DK0060337095,Distribuerende,FPIGA.CO,CPH,https://finance.yahoo.com/quote/FPIGA.CO/,realisations,aktieindkomst,yes,VP 2026: 1/A,https://info.skat.dk/data.aspx?oid=2460620,2026-02-01
Formuepleje Globale Aktier akk,Investeringsforeninger,DK0061146602,Akkumulerende,FPIGAA.CO,CPH,https://finance.yahoo.com/quote/FPIGAA.CO/,lager,aktieindkomst,yes,ABIS 2026,https://skat.dk/media/euzdrcqh/august-2026-abis-liste-2021-2026.xlsx,2026-08-28
Formuepleje Globale Aktier II,Investeringsforeninger,DK0064192835,Distribuerende,FPIGLA.CO,CPH,https://finance.yahoo.com/quote/FPIGLA.CO/,realisations,aktieindkomst,yes,VP 2026: 1/A,https://info.skat.dk/data.aspx?oid=2460620,2026-02-01
Formuepleje Lange Obligationer,Investeringsforeninger,DK0063407333,Distribuerende,FPILOB.CO,CPH,https://finance.yahoo.com/quote/FPILOB.CO/,realisations,kapitalindkomst,no,VP 2026: 1/O,https://info.skat.dk/data.aspx?oid=2460620,2026-02-01
Formuepleje LimiTTellus akk,Investeringsforeninger,DK0060502631,Akkumulerende,FPILIMA.CO,CPH,https://finance.yahoo.com/quote/FPILIMA.CO/,lager,aktieindkomst,yes,ABIS 2026,https://skat.dk/media/euzdrcqh/august-2026-abis-liste-2021-2026.xlsx,2026-08-28
Formuepleje Mix High akk,Investeringsforeninger,DK0060182970,Akkumulerende,FPIMHA.CO,CPH,https://finance.yahoo.com/quote/FPIMHA.CO/,lager,kapitalindkomst,no,VP 2026: 8/B,https://info.skat.dk/data.aspx?oid=2460620,2026-02-01
Formuepleje Mix Low akk,Investeringsforeninger,DK0060455962,Akkumulerende,FPIMLA.CO,CPH,https://finance.yahoo.com/quote/FPIMLA.CO/,lager,kapitalindkomst,no,VP 2026: 8/B,https://info.skat.dk/data.aspx?oid=2460620,2026-02-01
Formuepleje Mix Medium akk,Investeringsforeninger,DK0060182897,Akkumulerende,FPIMMA.CO,CPH,https://finance.yahoo.com/quote/FPIMMA.CO/,lager,kapitalindkomst,no,VP 2026: 8/B,https://info.skat.dk/data.aspx?oid=2460620,2026-02-01
Formuepleje Obligationer,Investeringsforeninger,DK0060632925,Distribuerende,FPIOBL.CO,CPH,https://finance.yahoo.com/quote/FPIOBL.CO/,realisations,kapitalindkomst,no,VP 2026: 1/B,https://info.skat.dk/data.aspx?oid=2460620,2026-02-01
Formuepleje Pareto,Investeringsforeninger,DK0060497964,Akkumulerende,FPKPAR.CO,CPH,https://finance.yahoo.com/quote/FPKPAR.CO/,lager,kapitalindkomst,no,VP 2026: 8/B,https://info.skat.dk/data.aspx?oid=2460620,2026-02-01
Formuepleje Penta,Investeringsforeninger,DK0060498343,Akkumulerende,FPKPEN.CO,CPH,https://finance.yahoo.com/quote/FPKPEN.CO/,lager,kapitalindkomst,no,VP 2026: 8/B,https://info.skat.dk/data.aspx?oid=2460620,2026-02-01
Formuepleje Safe,Investeringsforeninger,DK0060498186,Akkumulerende,FPKSAF.CO,CPH,https://finance.yahoo.com/quote/FPKSAF.CO/,lager,kapitalindkomst,no,VP 2026: 8/B,https://info.skat.dk/data.aspx?oid=2460620,2026-02-01
Formuepleje Variabel Rente,Investeringsforeninger,DK0063407416,Distribuerende,FPIVRE.CO,CPH,https://finance.yahoo.com/quote/FPIVRE.CO/,realisations,kapitalindkomst,no,VP 2026: 1/O,https://info.skat.dk/data.aspx?oid=2460620,2026-02-01
Formuepleje Variabel Rente Plus,Investeringsforeninger,DK0063407689,Akkumulerende,0P0001UEJL.CO,CPH,https://finance.yahoo.com/quote/0P0001UEJL.CO/,lager,kapitalindkomst,no,VP 2026: 8/O,https://info.skat.dk/data.aspx?oid=2460620,2026-02-01
Fundamental Invest Stock Pick,Investeringsforeninger,DK0016272602,Distribuerende,FUISP.CO,CPH,https://finance.yahoo.com/quote/FUISP.CO/,realisations,aktieindkomst,yes,VP 2026: 1/A,https://info.skat.dk/data.aspx?oid=2460620,2026-02-01
Fundamental Invest Stock Pick II Akk,Investeringsforeninger,DK0060521854,Akkumulerende,FUISPA.CO,CPH,https://finance.yahoo.com/quote/FUISPA.CO/,lager,kapitalindkomst,no,VP 2026: 8/B,https://info.skat.dk/data.aspx?oid=2460620,2026-02-01
Gudme Raaschou Europæiske Ejendomsaktier,Investeringsforeninger,DK0061133899,Akkumulerende,GRIEJD.CO,CPH,https://finance.yahoo.com/quote/GRIEJD.CO/,lager,aktieindkomst,yes,ABIS 2026,https://skat.dk/media/euzdrcqh/august-2026-abis-liste-2021-2026.xlsx,2026-08-28
"Horizon3 Innovation, kl n",Investeringsforeninger,DK0062267449,Distribuerende,PMIH3I.CO,CPH,https://finance.yahoo.com/quote/PMIH3I.CO/,realisations,aktieindkomst,yes,VP 2026: 1/A,https://info.skat.dk/data.aspx?oid=2460620,2026-02-01
IA Invest FormueFyn Skandi+,Investeringsforeninger,DK0062271474,Distribuerende,IAIFFS.CO,CPH,https://finance.yahoo.com/quote/IAIFFS.CO/,realisations,aktieindkomst,yes,VP 2026: 1/A,https://info.skat.dk/data.aspx?oid=2460620,2026-02-01
IA Invest Furesø Globale Kvalitetsaktier,Investeringsforeninger,DK0062842217,Distribuerende,IAIFGK.CO,CPH,https://finance.yahoo.com/quote/IAIFGK.CO/,realisations,aktieindkomst,yes,VP 2026: 1/A,https://info.skat.dk/data.aspx?oid=2460620,2026-02-01
IA Invest MW Compounders,Investeringsforeninger,DK0061294394,Distribuerende,IAIMWC.CO,CPH,https://finance.yahoo.com/quote/IAIMWC.CO/,realisations,aktieindkomst,yes,VP 2026: 1/A,https://info.skat.dk/data.aspx?oid=2460620,2026-02-01
IA Invest MW Compounders Akk,Investeringsforeninger,DK0061804341,Akkumulerende,IAIMCA.CO,CPH,https://finance.yahoo.com/quote/IAIMCA.CO/,lager,kapitalindkomst,no,VP 2026: 8/B,https://info.skat.dk/data.aspx?oid=2460620,2026-02-01
IA Invest Peruma Invest Globale Aktier,Investeringsforeninger,DK0061804267,Distribuerende,IAIPGA.CO,CPH,https://finance.yahoo.com/quote/IAIPGA.CO/,realisations,aktieindkomst,yes,VP 2026: 1/A,https://info.skat.dk/data.aspx?oid=2460620,2026-02-01
IA Invest Regulær Invest Nordiske Aktier,Investeringsforeninger,DK0062267282,Akkumulerende,IAIRIN.CO,CPH,https://finance.yahoo.com/quote/IAIRIN.CO/,lager,aktieindkomst,yes,ABIS 2026,https://skat.dk/media/euzdrcqh/august-2026-abis-liste-2021-2026.xlsx,2026-08-28
IA Invest Strategic Danske Aktier,Investeringsforeninger,DK0060889962,Distribuerende,IAISDKAKT.CO,CPH,https://finance.yahoo.com/quote/IAISDKAKT.CO/,realisations,aktieindkomst,yes,VP 2026: 1/A,https://info.skat.dk/data.aspx?oid=2460620,2026-02-01
Maj Invest Danske Aktier,Investeringsforeninger,DK0060005171,Distribuerende,MAJDKA.CO,CPH,https://finance.yahoo.com/quote/MAJDKA.CO/,realisations,aktieindkomst,yes,VP 2026: 1/A,https://info.skat.dk/data.aspx?oid=2460620,2026-02-01
Maj Invest Danske Obligationer,Investeringsforeninger,DK0060005098,Distribuerende,MAJDKO.CO,CPH,https://finance.yahoo.com/quote/MAJDKO.CO/,realisations,kapitalindkomst,no,VP 2026: 1/O,https://info.skat.dk/data.aspx?oid=2460620,2026-02-01
Maj Invest Emerging Markets Value,Investeringsforeninger,DK0060522316,Distribuerende,MAJEMV.CO,CPH,https://finance.yahoo.com/quote/MAJEMV.CO/,realisations,aktieindkomst,yes,VP 2026: 1/A,https://info.skat.dk/data.aspx?oid=2460620,2026-02-01
Maj Invest Globale Aktier non fossil,Investeringsforeninger,DK0061074432,Distribuerende,MAJGANF.CO,CPH,https://finance.yahoo.com/quote/MAJGANF.CO/,realisations,aktieindkomst,yes,VP 2026: 1/A,https://info.skat.dk/data.aspx?oid=2460620,2026-02-01
Maj Invest Globale Obligationer,Investeringsforeninger,DK0060004950,Distribuerende,MAJGO.CO,CPH,https://finance.yahoo.com/quote/MAJGO.CO/,realisations,kapitalindkomst,no,VP 2026: 1/O,https://info.skat.dk/data.aspx?oid=2460620,2026-02-01
Maj Invest Globale Obligationer Akk,Investeringsforeninger,DK0060037455,Akkumulerende,MAJGOA.CO,CPH,https://finance.yahoo.com/quote/MAJGOA.CO/,lager,kapitalindkomst,no,VP 2026: 8/B,https://info.skat.dk/data.aspx?oid=2460620,2026-02-01
Maj Invest Grønne Obligationer,Investeringsforeninger,DK0061281060,Distribuerende,MAJGRO.CO,CPH,https://finance.yahoo.com/quote/MAJGRO.CO/,realisations,kapitalindkomst,no,VP 2026: 1/O,https://info.skat.dk/data.aspx?oid=2460620,2026-02-01
Maj Invest High Income Obligationer,Investeringsforeninger,DK0060642809,Distribuerende,MAJHIO.CO,CPH,https://finance.yahoo.com/quote/MAJHIO.CO/,realisations,kapitalindkomst,no,VP 2026: 1/O,https://info.skat.dk/data.aspx?oid=2460620,2026-02-01
Maj Invest Opsparing,Investeringsforeninger,DK0060004877,Distribuerende,MAJOPS.CO,CPH,https://finance.yahoo.com/quote/MAJOPS.CO/,realisations,kapitalindkomst,no,VP 2026: 1/B,https://info.skat.dk/data.aspx?oid=2460620,2026-02-01
Maj Invest Opsparing høj aktieandel,Investeringsforeninger,DK0060442713,Akkumulerende,MAJOHA.CO,CPH,https://finance.yahoo.com/quote/MAJOHA.CO/,lager,kapitalindkomst,no,VP 2026: 8/B,https://info.skat.dk/data.aspx?oid=2460620,2026-02-01
Maj Invest UCITS ETF AI & Semiconductor,Investeringsforeninger,DK0062615662,Akkumulerende,MAJAIS.CO,CPH,https://finance.yahoo.com/quote/MAJAIS.CO/,lager,aktieindkomst,yes,ABIS 2026,https://skat.dk/media/euzdrcqh/august-2026-abis-liste-2021-2026.xlsx,2026-08-28
Maj Invest UCITS ETF Asian Tech,Investeringsforeninger,DK0064867386,Akkumulerende,MAJATE.CO,CPH,https://finance.yahoo.com/quote/MAJATE.CO/,lager,aktieindkomst,yes,ABIS 2026,https://skat.dk/media/euzdrcqh/august-2026-abis-liste-2021-2026.xlsx,2026-08-28
Maj Invest UCITS ETF Defence&Cyber. Udb,Investeringsforeninger,DK0064080527,Distribuerende,MAJDCU.CO,CPH,https://finance.yahoo.com/quote/MAJDCU.CO/,realisations,aktieindkomst,yes,VP 2026: 1/A,https://info.skat.dk/data.aspx?oid=2460620,2026-02-01
Maj Invest UCITS ETF Defence&Cybersec.,Investeringsforeninger,DK0062615746,Akkumulerende,MAJDCS.CO,CPH,https://finance.yahoo.com/quote/MAJDCS.CO/,lager,aktieindkomst,yes,ABIS 2026,https://skat.dk/media/euzdrcqh/august-2026-abis-liste-2021-2026.xlsx,2026-08-28
Maj Invest UCITS ETF Globale Udb.aktier,Investeringsforeninger,DK0060157196,Distribuerende,MAJGUA.CO,CPH,https://finance.yahoo.com/quote/MAJGUA.CO/,realisations,aktieindkomst,yes,VP 2026: 1/A,https://info.skat.dk/data.aspx?oid=2460620,2026-02-01
Maj Invest UCITS ETF Lifestyle & Obesity,Investeringsforeninger,DK0063179015,Akkumulerende,MAJLO.CO,CPH,https://finance.yahoo.com/quote/MAJLO.CO/,lager,aktieindkomst,yes,ABIS 2026,https://skat.dk/media/euzdrcqh/august-2026-abis-liste-2021-2026.xlsx,2026-08-28
Maj Invest UCITS ETF Metal&El.,Investeringsforeninger,DK0061681913,Akkumulerende,MAJMEL.CO,CPH,https://finance.yahoo.com/quote/MAJMEL.CO/,lager,aktieindkomst,yes,ABIS 2026,https://skat.dk/media/euzdrcqh/august-2026-abis-liste-2021-2026.xlsx,2026-08-28
Maj Invest UCITS ETF Solar Wind Nuclear,Investeringsforeninger,DK0063179288,Akkumulerende,MAJSWN.CO,CPH,https://finance.yahoo.com/quote/MAJSWN.CO/,lager,aktieindkomst,yes,ABIS 2026,https://skat.dk/media/euzdrcqh/august-2026-abis-liste-2021-2026.xlsx,2026-08-28
Maj Invest Value Aktier,Investeringsforeninger,DK0060005338,Distribuerende,MAJVAL.CO,CPH,https://finance.yahoo.com/quote/MAJVAL.CO/,realisations,aktieindkomst,yes,VP 2026: 1/A,https://info.skat.dk/data.aspx?oid=2460620,2026-02-01
Maj Invest Value Aktier Akk,Investeringsforeninger,DK0060642726,Akkumulerende,MAJVAA.CO,CPH,https://finance.yahoo.com/quote/MAJVAA.CO/,lager,kapitalindkomst,no,VP 2026: 8/B,https://info.skat.dk/data.aspx?oid=2460620,2026-02-01
Maj Invest Vækstaktier,Investeringsforeninger,DK0060005254,Distribuerende,MAJVA.CO,CPH,https://finance.yahoo.com/quote/MAJVA.CO/,realisations,aktieindkomst,yes,VP 2026: 1/A,https://info.skat.dk/data.aspx?oid=2460620,2026-02-01
Mix 20 – Akkumulerende,Investeringsforeninger,DK0060228633,Akkumulerende,DKIM20.CO,CPH,https://finance.yahoo.com/quote/DKIM20.CO/,lager,kapitalindkomst,no,VP 2026: 8/B,https://info.skat.dk/data.aspx?oid=2460620,2026-02-01
Mix 35 Akk,Investeringsforeninger,DK0060010841,Akkumulerende,DKIM35.CO,CPH,https://finance.yahoo.com/quote/DKIM35.CO/,lager,kapitalindkomst,no,VP 2026: 8/B,https://info.skat.dk/data.aspx?oid=2460620,2026-02-01
Mix 50 Akk,Investeringsforeninger,DK0060228716,Akkumulerende,DKIM50.CO,CPH,https://finance.yahoo.com/quote/DKIM50.CO/,lager,kapitalindkomst,no,VP 2026: 8/B,https://info.skat.dk/data.aspx?oid=2460620,2026-02-01
Mix 65 Akk,Investeringsforeninger,DK0060228989,Akkumulerende,DKIM65.CO,CPH,https://finance.yahoo.com/quote/DKIM65.CO/,lager,kapitalindkomst,no,VP 2026: 8/B,https://info.skat.dk/data.aspx?oid=2460620,2026-02-01
Mix Obligationer,Investeringsforeninger,DK0060430627,Distribuerende,DKIMOB.CO,CPH,https://finance.yahoo.com/quote/DKIMOB.CO/,realisations,kapitalindkomst,no,VP 2026: 1/O,https://info.skat.dk/data.aspx?oid=2460620,2026-02-01
MMI Globale Aktier Axiom Invest LLC,Investeringsforeninger,DK0060447274,Distribuerende,MMIGA.CO,CPH,https://finance.yahoo.com/quote/MMIGA.CO/,realisations,aktieindkomst,yes,VP 2026: 1/A,https://info.skat.dk/data.aspx?oid=2460620,2026-02-01
MMI Nye Aktiemarkeder,Investeringsforeninger,DK0060316685,Distribuerende,MMINAM.CO,CPH,https://finance.yahoo.com/quote/MMINAM.CO/,realisations,aktieindkomst,yes,VP 2026: 1/A,https://info.skat.dk/data.aspx?oid=2460620,2026-02-01
MMI Nye Aktiemarkeder Akk,Investeringsforeninger,DK0060316768,Akkumulerende,MMINAA.CO,CPH,https://finance.yahoo.com/quote/MMINAA.CO/,lager,kapitalindkomst,no,VP 2026: 8/B,https://info.skat.dk/data.aspx?oid=2460620,2026-02-01
Multi Manager Invest Globale Aktier Akk,Investeringsforeninger,DK0060447357,Akkumulerende,MMIGAA.CO,CPH,https://finance.yahoo.com/quote/MMIGAA.CO/,lager,kapitalindkomst,no,VP 2026: 8/B,https://info.skat.dk/data.aspx?oid=2460620,2026-02-01
NewDeal Invest Akk N,Investeringsforeninger,DK0064642623,Akkumulerende,PMINDIAKK.CO,CPH,https://finance.yahoo.com/quote/PMINDIAKK.CO/,lager,kapitalindkomst,no,VP 2026: 8/B,https://info.skat.dk/data.aspx?oid=2460620,2026-02-01
"NewDeal Invest, kl n",Investeringsforeninger,DK0062499810,Distribuerende,PMINDI.CO,CPH,https://finance.yahoo.com/quote/PMINDI.CO/,realisations,aktieindkomst,yes,VP 2026: 1/A,https://info.skat.dk/data.aspx?oid=2460620,2026-02-01
Nordea Inv. Verdens Obl.marked KL 1,Investeringsforeninger,DK0060353886,Distribuerende,NDIVOMKL1.CO,CPH,https://finance.yahoo.com/quote/NDIVOMKL1.CO/,realisations,kapitalindkomst,no,VP 2026: 1/B,https://info.skat.dk/data.aspx?oid=2460620,2026-02-01
Nordea Invest Aktier Ansvarlig KL 1,Investeringsforeninger,DK0061116027,Distribuerende,NDIAAKL1.CO,CPH,https://finance.yahoo.com/quote/NDIAAKL1.CO/,realisations,aktieindkomst,yes,VP 2026: 1/A,https://info.skat.dk/data.aspx?oid=2460620,2026-02-01
Nordea Invest Aktier II KL 1,Investeringsforeninger,DK0015357065,Distribuerende,NDIAKTIIKL1.CO,CPH,https://finance.yahoo.com/quote/NDIAKTIIKL1.CO/,realisations,aktieindkomst,yes,VP 2026: 1/A,https://info.skat.dk/data.aspx?oid=2460620,2026-02-01
Nordea Invest Aktier KL 1,Investeringsforeninger,DK0010250158,Distribuerende,NDIAKL1.CO,CPH,https://finance.yahoo.com/quote/NDIAKL1.CO/,realisations,aktieindkomst,yes,VP 2026: 1/A,https://info.skat.dk/data.aspx?oid=2460620,2026-02-01
Nordea Invest Basis 1 KL 1,Investeringsforeninger,DK0016195860,Distribuerende,NDIB1KL1.CO,CPH,https://finance.yahoo.com/quote/NDIB1KL1.CO/,realisations,kapitalindkomst,no,VP 2026: 1/B,https://info.skat.dk/data.aspx?oid=2460620,2026-02-01
Nordea Invest Basis 2 KL 1,Investeringsforeninger,DK0016195944,Distribuerende,NDIB2KL1.CO,CPH,https://finance.yahoo.com/quote/NDIB2KL1.CO/,realisations,kapitalindkomst,no,VP 2026: 1/B,https://info.skat.dk/data.aspx?oid=2460620,2026-02-01
Nordea Invest Basis 3 KL 1,Investeringsforeninger,DK0016196082,Distribuerende,NDIB3KL1.CO,CPH,https://finance.yahoo.com/quote/NDIB3KL1.CO/,realisations,aktieindkomst,yes,VP 2026: 1/A,https://info.skat.dk/data.aspx?oid=2460620,2026-02-01
Nordea Invest Basis 4 KL 1,Investeringsforeninger,DK0060075893,Distribuerende,NDI4KL1.CO,CPH,https://finance.yahoo.com/quote/NDI4KL1.CO/,realisations,aktieindkomst,yes,VP 2026: 1/A,https://info.skat.dk/data.aspx?oid=2460620,2026-02-01
Nordea Invest Danmark KL 1,Investeringsforeninger,DK0010265859,Distribuerende,NDIDKKL1.CO,CPH,https://finance.yahoo.com/quote/NDIDKKL1.CO/,realisations,aktieindkomst,yes,VP 2026: 1/A,https://info.skat.dk/data.aspx?oid=2460620,2026-02-01
Nordea Invest Danske Aktier Fokus KL 1,Investeringsforeninger,DK0060012466,Distribuerende,NDIDAFKL1.CO,CPH,https://finance.yahoo.com/quote/NDIDAFKL1.CO/,realisations,aktieindkomst,yes,VP 2026: 1/A,https://info.skat.dk/data.aspx?oid=2460620,2026-02-01
Nordea Invest Em Markets Enhanced KL 1,Investeringsforeninger,DK0060950111,Distribuerende,NDIEMMAENKL1.CO,CPH,https://finance.yahoo.com/quote/NDIEMMAENKL1.CO/,realisations,aktieindkomst,yes,VP 2026: 1/A,https://info.skat.dk/data.aspx?oid=2460620,2026-02-01
Nordea Invest Emerging Markets KL 1,Investeringsforeninger,DK0010308170,Distribuerende,NDIEMKL1.CO,CPH,https://finance.yahoo.com/quote/NDIEMKL1.CO/,realisations,aktieindkomst,yes,VP 2026: 1/A,https://info.skat.dk/data.aspx?oid=2460620,2026-02-01
Nordea Invest Emerging Stars KL 1,Investeringsforeninger,DK0060586394,Distribuerende,NDIESKL1.CO,CPH,https://finance.yahoo.com/quote/NDIESKL1.CO/,realisations,aktieindkomst,yes,VP 2026: 1/A,https://info.skat.dk/data.aspx?oid=2460620,2026-02-01
Nordea Invest Europe Enhanced KL 1,Investeringsforeninger,DK0060949964,Distribuerende,NDIEUENHKL1.CO,CPH,https://finance.yahoo.com/quote/NDIEUENHKL1.CO/,realisations,aktieindkomst,yes,VP 2026: 1/A,https://info.skat.dk/data.aspx?oid=2460620,2026-02-01
Nordea Invest European HY Bonds KL 1,Investeringsforeninger,DK0016306798,Distribuerende,NDIEHYKL1.CO,CPH,https://finance.yahoo.com/quote/NDIEHYKL1.CO/,realisations,kapitalindkomst,no,VP 2026: 1/O,https://info.skat.dk/data.aspx?oid=2460620,2026-02-01
Nordea Invest European Stars KL 1,Investeringsforeninger,DK0010265693,Distribuerende,NDIEUSTKL1.CO,CPH,https://finance.yahoo.com/quote/NDIEUSTKL1.CO/,realisations,aktieindkomst,yes,VP 2026: 1/A,https://info.skat.dk/data.aspx?oid=2460620,2026-02-01
Nordea Invest Fonde KL 1,Investeringsforeninger,DK0060145183,Distribuerende,NDIFONKL1.CO,CPH,https://finance.yahoo.com/quote/NDIFONKL1.CO/,realisations,kapitalindkomst,no,VP 2026: 1/O,https://info.skat.dk/data.aspx?oid=2460620,2026-02-01
Nordea Invest Global Enhanced KL 1,Investeringsforeninger,DK0060949881,Distribuerende,NDIGLENHKL1.CO,CPH,https://finance.yahoo.com/quote/NDIGLENHKL1.CO/,realisations,aktieindkomst,yes,VP 2026: 1/A,https://info.skat.dk/data.aspx?oid=2460620,2026-02-01
Nordea Invest Global Small Cap KL 1,Investeringsforeninger,DK0016050974,Distribuerende,NDIGSCKL1.CO,CPH,https://finance.yahoo.com/quote/NDIGSCKL1.CO/,realisations,aktieindkomst,yes,VP 2026: 1/A,https://info.skat.dk/data.aspx?oid=2460620,2026-02-01
Nordea Invest Global SmCap Enhanced KL 1,Investeringsforeninger,DK0061112893,Distribuerende,NDIGSEKL1.CO,CPH,https://finance.yahoo.com/quote/NDIGSEKL1.CO/,realisations,aktieindkomst,yes,VP 2026: 1/A,https://info.skat.dk/data.aspx?oid=2460620,2026-02-01
Nordea Invest Global Stars KL 1,Investeringsforeninger,DK0010301324,Distribuerende,NDIGSTKL1.CO,CPH,https://finance.yahoo.com/quote/NDIGSTKL1.CO/,realisations,aktieindkomst,yes,VP 2026: 1/A,https://info.skat.dk/data.aspx?oid=2460620,2026-02-01
Nordea Invest Globale Aktier Indeks KL 1,Investeringsforeninger,DK0060451623,Distribuerende,NDIGAIKL1.CO,CPH,https://finance.yahoo.com/quote/NDIGAIKL1.CO/,realisations,aktieindkomst,yes,VP 2026: 1/A,https://info.skat.dk/data.aspx?oid=2460620,2026-02-01
Nordea Invest Globale Obligationer KL 1,Investeringsforeninger,DK0010170398,Distribuerende,NDIGOBLKL1.CO,CPH,https://finance.yahoo.com/quote/NDIGOBLKL1.CO/,lager,kapitalindkomst,no,VP 2026: 8/B,https://info.skat.dk/data.aspx?oid=2460620,2026-02-01
Nordea Invest Globale UdbytteAktier KL 1,Investeringsforeninger,DK0010265503,Distribuerende,NDIGUAKL1.CO,CPH,https://finance.yahoo.com/quote/NDIGUAKL1.CO/,realisations,aktieindkomst,yes,VP 2026: 1/A,https://info.skat.dk/data.aspx?oid=2460620,2026-02-01
Nordea Invest HøjrenteLande KL 1,Investeringsforeninger,DK0016254899,Distribuerende,NDIHOJLKL1.CO,CPH,https://finance.yahoo.com/quote/NDIHOJLKL1.CO/,lager,kapitalindkomst,no,VP 2026: 8/B,https://info.skat.dk/data.aspx?oid=2460620,2026-02-01
Nordea Invest Japan Enhanced KL 1,Investeringsforeninger,DK0060950038,Distribuerende,NDIJAPENHKL1.CO,CPH,https://finance.yahoo.com/quote/NDIJAPENHKL1.CO/,realisations,aktieindkomst,yes,VP 2026: 1/A,https://info.skat.dk/data.aspx?oid=2460620,2026-02-01
Nordea Invest Klima og Miljø KL 1,Investeringsforeninger,DK0060192185,Distribuerende,NDIKMKL1.CO,CPH,https://finance.yahoo.com/quote/NDIKMKL1.CO/,realisations,aktieindkomst,yes,VP 2026: 1/A,https://info.skat.dk/data.aspx?oid=2460620,2026-02-01
Nordea Invest Korte Obl Lagerb. KL 1,Investeringsforeninger,DK0060014678,Distribuerende,NDIKOLKL1.CO,CPH,https://finance.yahoo.com/quote/NDIKOLKL1.CO/,lager,kapitalindkomst,no,VP 2026: 8/O,https://info.skat.dk/data.aspx?oid=2460620,2026-02-01
Nordea Invest Korte Obligationer KL 1,Investeringsforeninger,DK0060268506,Distribuerende,NDIKOKL1.CO,CPH,https://finance.yahoo.com/quote/NDIKOKL1.CO/,realisations,kapitalindkomst,no,VP 2026: 1/O,https://info.skat.dk/data.aspx?oid=2460620,2026-02-01
Nordea Invest Lange Obligationer KL 1,Investeringsforeninger,DK0060187342,Distribuerende,NDILAOKL1.CO,CPH,https://finance.yahoo.com/quote/NDILAOKL1.CO/,realisations,kapitalindkomst,no,VP 2026: 1/O,https://info.skat.dk/data.aspx?oid=2460620,2026-02-01
Nordea Invest Mellemlange Ob KL 1,Investeringsforeninger,DK0015168686,Distribuerende,NDIMLOKL1.CO,CPH,https://finance.yahoo.com/quote/NDIMLOKL1.CO/,realisations,kapitalindkomst,no,VP 2026: 1/O,https://info.skat.dk/data.aspx?oid=2460620,2026-02-01
Nordea Invest Nordic Small Cap KL 1,Investeringsforeninger,DK0015974695,Distribuerende,NDINSCKL1.CO,CPH,https://finance.yahoo.com/quote/NDINSCKL1.CO/,realisations,aktieindkomst,yes,VP 2026: 1/A,https://info.skat.dk/data.aspx?oid=2460620,2026-02-01
Nordea Invest Nordic Stars KL 1,Investeringsforeninger,DK0060095735,Distribuerende,NDINOSKL1.CO,CPH,https://finance.yahoo.com/quote/NDINOSKL1.CO/,realisations,aktieindkomst,yes,VP 2026: 1/A,https://info.skat.dk/data.aspx?oid=2460620,2026-02-01
Nordea Invest North America Enh KL 1,Investeringsforeninger,DK0060831451,Distribuerende,NDINAEKL1.CO,CPH,https://finance.yahoo.com/quote/NDINAEKL1.CO/,realisations,aktieindkomst,yes,VP 2026: 1/A,https://info.skat.dk/data.aspx?oid=2460620,2026-02-01
Nordea Invest North American Stars KL 1,Investeringsforeninger,DK0010265776,Distribuerende,NDINASTKL1.CO,CPH,https://finance.yahoo.com/quote/NDINASTKL1.CO/,realisations,aktieindkomst,yes,VP 2026: 1/A,https://info.skat.dk/data.aspx?oid=2460620,2026-02-01
Nordea Invest Stabil Balanceret 1,Investeringsforeninger,DK0060014595,Distribuerende,NDISTABKL1.CO,CPH,https://finance.yahoo.com/quote/NDISTABKL1.CO/,lager,kapitalindkomst,no,VP 2026: 8/B,https://info.skat.dk/data.aspx?oid=2460620,2026-02-01
Nordea Invest Stabile Aktier 1,Investeringsforeninger,DK0060048304,Distribuerende,NDISTABAKL1.CO,CPH,https://finance.yahoo.com/quote/NDISTABAKL1.CO/,realisations,aktieindkomst,yes,VP 2026: 1/A,https://info.skat.dk/data.aspx?oid=2460620,2026-02-01
Nordea Invest Stabile Aktier Akk KL 1,Investeringsforeninger,DK0060096030,Akkumulerende,NDISTAAKL1.CO,CPH,https://finance.yahoo.com/quote/NDISTAAKL1.CO/,lager,kapitalindkomst,no,VP 2026: 8/B,https://info.skat.dk/data.aspx?oid=2460620,2026-02-01
Nordea Invest Virksomhedsobl Høj KL 1,Investeringsforeninger,DK0016067432,Distribuerende,NDIVOHKL1.CO,CPH,https://finance.yahoo.com/quote/NDIVOHKL1.CO/,lager,kapitalindkomst,no,VP 2026: 8/O,https://info.skat.dk/data.aspx?oid=2460620,2026-02-01
Nordea Invest Virksomhedsobl KL 1,Investeringsforeninger,DK0016015399,Distribuerende,NDIVOBKL1.CO,CPH,https://finance.yahoo.com/quote/NDIVOBKL1.CO/,realisations,kapitalindkomst,no,VP 2026: 1/O,https://info.skat.dk/data.aspx?oid=2460620,2026-02-01
Nykredit Inv Lange Ob Akk KL A,Investeringsforeninger,DK0060034007,Akkumulerende,NYILOAKLA.CO,CPH,https://finance.yahoo.com/quote/NYILOAKLA.CO/,lager,kapitalindkomst,no,VP 2026: 8/B,https://info.skat.dk/data.aspx?oid=2460620,2026-02-01
Nykredit Invest Ansv Kreditobl,Investeringsforeninger,DK0060356392,Distribuerende,NYIAKO.CO,CPH,https://finance.yahoo.com/quote/NYIAKO.CO/,realisations,kapitalindkomst,no,VP 2026: 1/O,https://info.skat.dk/data.aspx?oid=2460620,2026-02-01
Nykredit Invest Balance Defensiv KL,Investeringsforeninger,DK0016188733,Akkumulerende,NBIDEKL.CO,CPH,https://finance.yahoo.com/quote/NBIDEKL.CO/,lager,kapitalindkomst,no,VP 2026: 8/B,https://info.skat.dk/data.aspx?oid=2460620,2026-02-01
Nykredit Invest Balance Moderat KL,Investeringsforeninger,DK0016188816,Akkumulerende,NBIMOKL.CO,CPH,https://finance.yahoo.com/quote/NBIMOKL.CO/,lager,kapitalindkomst,no,VP 2026: 8/B,https://info.skat.dk/data.aspx?oid=2460620,2026-02-01
Nykredit Invest Balance Offensiv KL,Investeringsforeninger,DK0060441749,Akkumulerende,NBIOFKL.CO,CPH,https://finance.yahoo.com/quote/NBIOFKL.CO/,lager,kapitalindkomst,no,VP 2026: 8/B,https://info.skat.dk/data.aspx?oid=2460620,2026-02-01
Nykredit Invest Bæredygtige Aktier KL,Investeringsforeninger,DK0060361046,Distribuerende,NYIBDA.CO,CPH,https://finance.yahoo.com/quote/NYIBDA.CO/,realisations,aktieindkomst,yes,VP 2026: 1/A,https://info.skat.dk/data.aspx?oid=2460620,2026-02-01
Nykredit Invest Danske Aktier Akk KL,Investeringsforeninger,DK0060034270,Akkumulerende,NYIDAA.CO,CPH,https://finance.yahoo.com/quote/NYIDAA.CO/,lager,kapitalindkomst,no,VP 2026: 8/B,https://info.skat.dk/data.aspx?oid=2460620,2026-02-01
Nykredit Invest Danske Aktier KL,Investeringsforeninger,DK0010297118,Distribuerende,NYIDA.CO,CPH,https://finance.yahoo.com/quote/NYIDA.CO/,realisations,aktieindkomst,yes,VP 2026: 1/A,https://info.skat.dk/data.aspx?oid=2460620,2026-02-01
Nykredit Invest Danske Fokusaktier,Investeringsforeninger,DK0060231777,Distribuerende,NYKDFA.CO,CPH,https://finance.yahoo.com/quote/NYKDFA.CO/,realisations,aktieindkomst,yes,VP 2026: 1/A,https://info.skat.dk/data.aspx?oid=2460620,2026-02-01
Nykredit Invest Globale Fokusakt Akk KL,Investeringsforeninger,DK0060038347,Akkumulerende,NYIGFA.CO,CPH,https://finance.yahoo.com/quote/NYIGFA.CO/,lager,kapitalindkomst,no,VP 2026: 8/B,https://info.skat.dk/data.aspx?oid=2460620,2026-02-01
Nykredit Invest Globale Fokusaktier KL,Investeringsforeninger,DK0060360824,Distribuerende,NYIGLA.CO,CPH,https://finance.yahoo.com/quote/NYIGLA.CO/,realisations,aktieindkomst,yes,VP 2026: 1/A,https://info.skat.dk/data.aspx?oid=2460620,2026-02-01
Nykredit Invest Kreditobligationer KL,Investeringsforeninger,DK0060356202,Distribuerende,NYIKRO.CO,CPH,https://finance.yahoo.com/quote/NYIKRO.CO/,realisations,kapitalindkomst,no,VP 2026: 1/O,https://info.skat.dk/data.aspx?oid=2460620,2026-02-01
Nykredit Invest Lange Obligationer KL,Investeringsforeninger,DK0060009405,Distribuerende,NYILOKLA.CO,CPH,https://finance.yahoo.com/quote/NYILOKLA.CO/,realisations,kapitalindkomst,no,VP 2026: 1/O,https://info.skat.dk/data.aspx?oid=2460620,2026-02-01
Panorama Invest KL,Investeringsforeninger,DK0062612727,Akkumulerende,PMIPIN.CO,CPH,https://finance.yahoo.com/quote/PMIPIN.CO/,lager,kapitalindkomst,no,VP 2026: 8/B,https://info.skat.dk/data.aspx?oid=2460620,2026-02-01
PortfolioMan P&P GlAkFu Wld KL,Investeringsforeninger,DK0061294634,Distribuerende,PMIGAF.CO,CPH,https://finance.yahoo.com/quote/PMIGAF.CO/,realisations,aktieindkomst,yes,VP 2026: 1/A,https://info.skat.dk/data.aspx?oid=2460620,2026-02-01
PortfolMan OthanStabUCITS kl n,Investeringsforeninger,DK0061680352,Akkumulerende,PMIOSU.CO,CPH,https://finance.yahoo.com/quote/PMIOSU.CO/,lager,kapitalindkomst,no,VP 2026: 8/B,https://info.skat.dk/data.aspx?oid=2460620,2026-02-01
SDG Invest GlobBæredyg Akt akk,Investeringsforeninger,DK0061668654,Akkumulerende,SDIGBA.CO,CPH,https://finance.yahoo.com/quote/SDIGBA.CO/,lager,kapitalindkomst,no,VP 2026: 8/B,https://info.skat.dk/data.aspx?oid=2460620,2026-02-01
SKAGEN Focus A,Investeringsforeninger,NO0010735129,Akkumulerende,SKIFOA.CO,CPH,https://finance.yahoo.com/quote/SKIFOA.CO/,realisations,aktieindkomst,yes,VP 2026: 1/A,https://info.skat.dk/data.aspx?oid=2460620,2026-02-01
SKAGEN Global A,Investeringsforeninger,NO0008004009,Akkumulerende,SKIGLO.CO,CPH,https://finance.yahoo.com/quote/SKIGLO.CO/,realisations,aktieindkomst,yes,VP 2026: 1/A,https://info.skat.dk/data.aspx?oid=2460620,2026-02-01
SKAGEN Kon-Tiki A,Investeringsforeninger,NO0010140502,Akkumulerende,SKIKON.CO,CPH,https://finance.yahoo.com/quote/SKIKON.CO/,realisations,aktieindkomst,yes,VP 2026: 1/A,https://info.skat.dk/data.aspx?oid=2460620,2026-02-01
SKAGEN m2 A,Investeringsforeninger,NO0010657356,Akkumulerende,SKIM2.CO,CPH,https://finance.yahoo.com/quote/SKIM2.CO/,lager,kapitalindkomst,no,VP 2026: 8/B,https://info.skat.dk/data.aspx?oid=2460620,2026-02-01
SKAGEN Vekst A,Investeringsforeninger,NO0008000445,Akkumulerende,SKIVEK.CO,CPH,https://finance.yahoo.com/quote/SKIVEK.CO/,realisations,aktieindkomst,yes,VP 2026: 1/A,https://info.skat.dk/data.aspx?oid=2460620,2026-02-01
Snowball Invest KL,Investeringsforeninger,DK0061680279,Akkumulerende,PMISBIAKKKLN.CO,CPH,https://finance.yahoo.com/quote/PMISBIAKKKLN.CO/,lager,aktieindkomst,yes,ABIS 2026,https://skat.dk/media/euzdrcqh/august-2026-abis-liste-2021-2026.xlsx,2026-08-28
Sparindex INDEX Bæredygt Virk.obl HY KL,Investeringsforeninger,DK0016028020,Distribuerende,SPVBVO.CO,CPH,https://finance.yahoo.com/quote/SPVBVO.CO/,realisations,kapitalindkomst,no,VP 2026: 1/O,https://info.skat.dk/data.aspx?oid=2460620,2026-02-01
Sparindex INDEX Bæredygtige Europa KL,Investeringsforeninger,DK0060748044,Distribuerende,SPVBEUKL.CO,CPH,https://finance.yahoo.com/quote/SPVBEUKL.CO/,realisations,aktieindkomst,yes,VP 2026: 1/A,https://info.skat.dk/data.aspx?oid=2460620,2026-02-01
Sparindex INDEX Bæredygtige Global KL,Investeringsforeninger,DK0060747905,Distribuerende,SPVIBGKL.CO,CPH,https://finance.yahoo.com/quote/SPVIBGKL.CO/,realisations,aktieindkomst,yes,VP 2026: 1/A,https://info.skat.dk/data.aspx?oid=2460620,2026-02-01
Sparindex INDEX Bæredygtige Japan KL,Investeringsforeninger,DK0010297977,Distribuerende,SPIBJAKL.CO,CPH,https://finance.yahoo.com/quote/SPIBJAKL.CO/,realisations,aktieindkomst,yes,VP 2026: 1/A,https://info.skat.dk/data.aspx?oid=2460620,2026-02-01
Sparindex INDEX Bæredygtige USA KL,Investeringsforeninger,DK0060748200,Distribuerende,SPVBUSAKL.CO,CPH,https://finance.yahoo.com/quote/SPVBUSAKL.CO/,realisations,aktieindkomst,yes,VP 2026: 1/A,https://info.skat.dk/data.aspx?oid=2460620,2026-02-01
Sparindex INDEX DJ BestinClass World KL,Investeringsforeninger,DK0010297464,Distribuerende,SPIDJB.CO,CPH,https://finance.yahoo.com/quote/SPIDJB.CO/,realisations,aktieindkomst,yes,VP 2026: 1/A,https://info.skat.dk/data.aspx?oid=2460620,2026-02-01
Sparindex INDEX EM Bonds Lok.val Akk A,Investeringsforeninger,DK0060254126,Akkumulerende,SPVIEMBLAKKKLA.CO,CPH,https://finance.yahoo.com/quote/SPVIEMBLAKKKLA.CO/,lager,kapitalindkomst,no,VP 2026: 8/O,https://info.skat.dk/data.aspx?oid=2460620,2026-02-01
Sparindex INDEX EM Bonds Lokalvaluta,Investeringsforeninger,DK0060254043,Distribuerende,SPVIEMMBLV.CO,CPH,https://finance.yahoo.com/quote/SPVIEMMBLV.CO/,realisations,kapitalindkomst,no,VP 2026: 1/O,https://info.skat.dk/data.aspx?oid=2460620,2026-02-01
Sparindex INDEX EM Market Bonds Akk KL A,Investeringsforeninger,DK0062729596,Akkumulerende,SPVIEMMBAKKKLA.CO,CPH,https://finance.yahoo.com/quote/SPVIEMMBAKKKLA.CO/,lager,kapitalindkomst,no,VP 2026: 8/O,https://info.skat.dk/data.aspx?oid=2460620,2026-02-01
Sparindex INDEX Emerging Market Bonds,Investeringsforeninger,DK0062729406,Distribuerende,SPVIEMMB.CO,CPH,https://finance.yahoo.com/quote/SPVIEMMB.CO/,realisations,kapitalindkomst,no,VP 2026: 1/O,https://info.skat.dk/data.aspx?oid=2460620,2026-02-01
Sparindex INDEX Emerging Markets KL,Investeringsforeninger,DK0060300762,Distribuerende,SPIEMIKL.CO,CPH,https://finance.yahoo.com/quote/SPIEMIKL.CO/,realisations,aktieindkomst,yes,VP 2026: 1/A,https://info.skat.dk/data.aspx?oid=2460620,2026-02-01
Sparindex INDEX Europa Forsvar KL,Investeringsforeninger,DK0063855598,Distribuerende,SPIIEF.CO,CPH,https://finance.yahoo.com/quote/SPIIEF.CO/,realisations,aktieindkomst,yes,VP 2026: 1/A,https://info.skat.dk/data.aspx?oid=2460620,2026-02-01
Sparindex INDEX Europa Growth KL,Investeringsforeninger,DK0010297548,Distribuerende,SPIEUGKL.CO,CPH,https://finance.yahoo.com/quote/SPIEUGKL.CO/,realisations,aktieindkomst,yes,VP 2026: 1/A,https://info.skat.dk/data.aspx?oid=2460620,2026-02-01
Sparindex INDEX Europa Small Cap KL,Investeringsforeninger,DK0010297621,Distribuerende,SPIEUCKL.CO,CPH,https://finance.yahoo.com/quote/SPIEUCKL.CO/,realisations,aktieindkomst,yes,VP 2026: 1/A,https://info.skat.dk/data.aspx?oid=2460620,2026-02-01
Sparindex INDEX Europa Value KL,Investeringsforeninger,DK0010297704,Distribuerende,SPIEUVKL.CO,CPH,https://finance.yahoo.com/quote/SPIEUVKL.CO/,realisations,aktieindkomst,yes,VP 2026: 1/A,https://info.skat.dk/data.aspx?oid=2460620,2026-02-01
Sparindex INDEX Glob Akt Min. Ris Akk KL,Investeringsforeninger,DK0060748127,Akkumulerende,SPVIGAMRAKL.CO,CPH,https://finance.yahoo.com/quote/SPVIGAMRAKL.CO/,lager,kapitalindkomst,no,VP 2026: 8/B,https://info.skat.dk/data.aspx?oid=2460620,2026-02-01
Sparindex INDEX Globale Akt Min Risk KL,Investeringsforeninger,DK0060031847,Distribuerende,SPIGLAMRIKL.CO,CPH,https://finance.yahoo.com/quote/SPIGLAMRIKL.CO/,realisations,aktieindkomst,yes,VP 2026: 1/A,https://info.skat.dk/data.aspx?oid=2460620,2026-02-01
Sparindex INDEX Globale Aktier KL,Investeringsforeninger,DK0060747822,Distribuerende,SPVIGAKL.CO,CPH,https://finance.yahoo.com/quote/SPVIGAKL.CO/,realisations,aktieindkomst,yes,VP 2026: 1/A,https://info.skat.dk/data.aspx?oid=2460620,2026-02-01
Sparindex INDEX Høj Risiko KL,Investeringsforeninger,DK0060748713,Distribuerende,SPVIHRKL.CO,CPH,https://finance.yahoo.com/quote/SPVIHRKL.CO/,realisations,aktieindkomst,yes,VP 2026: 1/A,https://info.skat.dk/data.aspx?oid=2460620,2026-02-01
Sparindex INDEX Lav Risiko KL,Investeringsforeninger,DK0060748556,Distribuerende,SPVILRKL.CO,CPH,https://finance.yahoo.com/quote/SPVILRKL.CO/,realisations,kapitalindkomst,no,VP 2026: 1/B,https://info.skat.dk/data.aspx?oid=2460620,2026-02-01
Sparindex INDEX Mellem Risiko KL,Investeringsforeninger,DK0060748630,Distribuerende,SPVIMRKL.CO,CPH,https://finance.yahoo.com/quote/SPVIMRKL.CO/,realisations,aktieindkomst,yes,VP 2026: 1/A,https://info.skat.dk/data.aspx?oid=2460620,2026-02-01
Sparindex INDEX OMX C25 KL,Investeringsforeninger,DK0060442556,Distribuerende,SPIC25KL.CO,CPH,https://finance.yahoo.com/quote/SPIC25KL.CO/,realisations,aktieindkomst,yes,VP 2026: 1/A,https://info.skat.dk/data.aspx?oid=2460620,2026-02-01
Sparindex INDEX Stabil Obligation KL A,Investeringsforeninger,DK0060057487,Distribuerende,SPISOKLA.CO,CPH,https://finance.yahoo.com/quote/SPISOKLA.CO/,realisations,kapitalindkomst,no,VP 2026: 1/O,https://info.skat.dk/data.aspx?oid=2460620,2026-02-01
Sparindex INDEX USA Growth KL,Investeringsforeninger,DK0010298272,Distribuerende,SPIUSGKL.CO,CPH,https://finance.yahoo.com/quote/SPIUSGKL.CO/,realisations,aktieindkomst,yes,VP 2026: 1/A,https://info.skat.dk/data.aspx?oid=2460620,2026-02-01
Sparindex INDEX USA Small Cap KL,Investeringsforeninger,DK0010298355,Distribuerende,SPIUSSKL.CO,CPH,https://finance.yahoo.com/quote/SPIUSSKL.CO/,realisations,aktieindkomst,yes,VP 2026: 1/A,https://info.skat.dk/data.aspx?oid=2460620,2026-02-01
Sparindex INDEX USA Value KL,Investeringsforeninger,DK0010298439,Distribuerende,SPIUSVKL.CO,CPH,https://finance.yahoo.com/quote/SPIUSVKL.CO/,realisations,aktieindkomst,yes,VP 2026: 1/A,https://info.skat.dk/data.aspx?oid=2460620,2026-02-01
Sparinv Ansv Virk.obl IG KL A,Investeringsforeninger,DK0060444255,Distribuerende,SPIVO.CO,CPH,https://finance.yahoo.com/quote/SPIVO.CO/,realisations,kapitalindkomst,no,VP 2026: 1/O,https://info.skat.dk/data.aspx?oid=2460620,2026-02-01
Sparinv SICAV RespCoB IG EUR R,Investeringsforeninger,LU0264925727,Akkumulerende,SSIRCPEURR.CO,CPH,https://finance.yahoo.com/quote/SSIRCPEURR.CO/,lager,kapitalindkomst,no,VP 2026: 8/O,https://info.skat.dk/data.aspx?oid=2460620,2026-02-01
Sparinv Virksomhedsobligationer HY KortA,Investeringsforeninger,DK0060530764,Distribuerende,SPIVHYKORTKLA.CO,CPH,https://finance.yahoo.com/quote/SPIVHYKORTKLA.CO/,realisations,kapitalindkomst,no,VP 2026: 1/B,https://info.skat.dk/data.aspx?oid=2460620,2026-02-01
Sparinvest Bæredygtige Aktier Akk KL A,Investeringsforeninger,DK0060012896,Akkumulerende,SPIBDAAKKKLA.CO,CPH,https://finance.yahoo.com/quote/SPIBDAAKKKLA.CO/,lager,kapitalindkomst,no,VP 2026: 8/B,https://info.skat.dk/data.aspx?oid=2460620,2026-02-01
Sparinvest Bæredygtige Aktier KL A,Investeringsforeninger,DK0061294048,Distribuerende,SPIBDA.CO,CPH,https://finance.yahoo.com/quote/SPIBDA.CO/,realisations,aktieindkomst,yes,VP 2026: 1/A,https://info.skat.dk/data.aspx?oid=2460620,2026-02-01
Sparinvest Danske Aktier KL A,Investeringsforeninger,DK0010068006,Distribuerende,SPIDKAKLA.CO,CPH,https://finance.yahoo.com/quote/SPIDKAKLA.CO/,realisations,aktieindkomst,yes,VP 2026: 1/A,https://info.skat.dk/data.aspx?oid=2460620,2026-02-01
Sparinvest Globale Fokusaktier KL A,Investeringsforeninger,DK0061293826,Distribuerende,SPIGFA.CO,CPH,https://finance.yahoo.com/quote/SPIGFA.CO/,realisations,aktieindkomst,yes,VP 2026: 1/A,https://info.skat.dk/data.aspx?oid=2460620,2026-02-01
Sparinvest Grønne Oblig KL A,Investeringsforeninger,DK0064082069,Distribuerende,SPIGRO.CO,CPH,https://finance.yahoo.com/quote/SPIGRO.CO/,realisations,kapitalindkomst,no,VP 2026: 1/O,https://info.skat.dk/data.aspx?oid=2460620,2026-02-01
Sparinvest Korte Obligationer KL A,Investeringsforeninger,DK0060105203,Distribuerende,SPIKOOKLA.CO,CPH,https://finance.yahoo.com/quote/SPIKOOKLA.CO/,realisations,kapitalindkomst,no,VP 2026: 1/O,https://info.skat.dk/data.aspx?oid=2460620,2026-02-01
Sparinvest Lange Obligationer KL A,Investeringsforeninger,DK0060105393,Distribuerende,SPILOLKLA.CO,CPH,https://finance.yahoo.com/quote/SPILOLKLA.CO/,realisations,kapitalindkomst,no,VP 2026: 1/O,https://info.skat.dk/data.aspx?oid=2460620,2026-02-01
Sparinvest Mellemlange Obligationer KL A,Investeringsforeninger,DK0060105476,Distribuerende,SPIMLOKLA.CO,CPH,https://finance.yahoo.com/quote/SPIMLOKLA.CO/,realisations,kapitalindkomst,no,VP 2026: 1/O,https://info.skat.dk/data.aspx?oid=2460620,2026-02-01
Sparinvest Mix Aktier KL A,Investeringsforeninger,DK0010014778,Distribuerende,SPIMAKLA.CO,CPH,https://finance.yahoo.com/quote/SPIMAKLA.CO/,realisations,aktieindkomst,yes,VP 2026: 1/A,https://info.skat.dk/data.aspx?oid=2460620,2026-02-01
Sparinvest Mix Høj Risiko KL A,Investeringsforeninger,DK0060623346,Distribuerende,SPIMHRKLA.CO,CPH,https://finance.yahoo.com/quote/SPIMHRKLA.CO/,realisations,aktieindkomst,yes,VP 2026: 1/A,https://info.skat.dk/data.aspx?oid=2460620,2026-02-01
Sparinvest Mix Lav Risiko KL A,Investeringsforeninger,DK0060623189,Distribuerende,SPIMLRKLA.CO,CPH,https://finance.yahoo.com/quote/SPIMLRKLA.CO/,realisations,kapitalindkomst,no,VP 2026: 1/B,https://info.skat.dk/data.aspx?oid=2460620,2026-02-01
Sparinvest Mix Maksimum Risiko KL A,Investeringsforeninger,DK0061551892,Distribuerende,SPIMMRIA.CO,CPH,https://finance.yahoo.com/quote/SPIMMRIA.CO/,realisations,aktieindkomst,yes,VP 2026: 1/A,https://info.skat.dk/data.aspx?oid=2460620,2026-02-01
Sparinvest Mix Mellem Risiko KL A,Investeringsforeninger,DK0060623262,Distribuerende,SPIMMRKLA.CO,CPH,https://finance.yahoo.com/quote/SPIMMRKLA.CO/,realisations,kapitalindkomst,no,VP 2026: 1/B,https://info.skat.dk/data.aspx?oid=2460620,2026-02-01
Sparinvest Mix Rente KL A,Investeringsforeninger,DK0061551702,Distribuerende,SPIMRA.CO,CPH,https://finance.yahoo.com/quote/SPIMRA.CO/,realisations,kapitalindkomst,no,VP 2026: 1/B,https://info.skat.dk/data.aspx?oid=2460620,2026-02-01
Sparinvest Nye Obligationsmarkeder KL A,Investeringsforeninger,DK0016030786,Distribuerende,SPINOBKLA.CO,CPH,https://finance.yahoo.com/quote/SPINOBKLA.CO/,realisations,kapitalindkomst,no,VP 2026: 1/O,https://info.skat.dk/data.aspx?oid=2460620,2026-02-01
Sparinvest SICAV Balance DKK R,Investeringsforeninger,LU0673458609,Akkumulerende,SSIBDKKR.CO,CPH,https://finance.yahoo.com/quote/SSIBDKKR.CO/,lager,kapitalindkomst,no,VP 2026: 8/B,https://info.skat.dk/data.aspx?oid=2460620,2026-02-01
Sparinvest SICAV Balance EUR R,Investeringsforeninger,LU0650088072,Akkumulerende,SSIBAEURR.CO,CPH,https://finance.yahoo.com/quote/SSIBAEURR.CO/,lager,kapitalindkomst,no,VP 2026: 8/O,https://info.skat.dk/data.aspx?oid=2460620,2026-02-01
Sparinvest SICAV Glob Conver Bonds EUR R,Investeringsforeninger,LU1438960566,Akkumulerende,SSIGCBEURR.CO,CPH,https://finance.yahoo.com/quote/SSIGCBEURR.CO/,lager,kapitalindkomst,no,VP 2026: 8/O,https://info.skat.dk/data.aspx?oid=2460620,2026-02-01
Sparinvest SICAV Global Value EUR R,Investeringsforeninger,LU0138501191,Akkumulerende,SSIGVEURR.CO,CPH,https://finance.yahoo.com/quote/SSIGVEURR.CO/,lager,kapitalindkomst,no,VP 2026: 8/B,https://info.skat.dk/data.aspx?oid=2460620,2026-02-01
Sparinvest SICAV Procedo DKK R,Investeringsforeninger,LU0686499277,Akkumulerende,SSIPDKKR.CO,CPH,https://finance.yahoo.com/quote/SSIPDKKR.CO/,lager,kapitalindkomst,no,VP 2026: 8/B,https://info.skat.dk/data.aspx?oid=2460620,2026-02-01
Sparinvest SICAV Securus DKK R,Investeringsforeninger,LU0686498972,Akkumulerende,SSISDKKR.CO,CPH,https://finance.yahoo.com/quote/SSISDKKR.CO/,lager,kapitalindkomst,no,VP 2026: 8/B,https://info.skat.dk/data.aspx?oid=2460620,2026-02-01
Sparinvest SICAV Securus EUR R,Investeringsforeninger,LU0139791205,Akkumulerende,SSISEURR.CO,CPH,https://finance.yahoo.com/quote/SSISEURR.CO/,lager,kapitalindkomst,no,VP 2026: 8/B,https://info.skat.dk/data.aspx?oid=2460620,2026-02-01
Sparinvest Value Aktier KL A,Investeringsforeninger,DK0010079631,Distribuerende,SPIVAKLA.CO,CPH,https://finance.yahoo.com/quote/SPIVAKLA.CO/,realisations,aktieindkomst,yes,VP 2026: 1/A,https://info.skat.dk/data.aspx?oid=2460620,2026-02-01
Sparinvest Value Emerging Markets KL A,Investeringsforeninger,DK0010304856,Distribuerende,SPIVEMKLA.CO,CPH,https://finance.yahoo.com/quote/SPIVEMKLA.CO/,realisations,aktieindkomst,yes,VP 2026: 1/A,https://info.skat.dk/data.aspx?oid=2460620,2026-02-01
Sparinvest Value Europa KL A,Investeringsforeninger,DK0060032571,Distribuerende,SPIVEUKLA.CO,CPH,https://finance.yahoo.com/quote/SPIVEUKLA.CO/,realisations,aktieindkomst,yes,VP 2026: 1/A,https://info.skat.dk/data.aspx?oid=2460620,2026-02-01
Sparinvest Virksomhedsobl HY KL A,Investeringsforeninger,DK0060819324,Distribuerende,SPIVHYKLA.CO,CPH,https://finance.yahoo.com/quote/SPIVHYKLA.CO/,realisations,kapitalindkomst,no,VP 2026: 1/B,https://info.skat.dk/data.aspx?oid=2460620,2026-02-01
StockRate Invest Globale Aktier,Investeringsforeninger,DK0060206316,Distribuerende,SRIGAU.CO,CPH,https://finance.yahoo.com/quote/SRIGAU.CO/,realisations,aktieindkomst,yes,VP 2026: 1/A,https://info.skat.dk/data.aspx?oid=2460620,2026-02-01
Storebrand Global Multifactor A5,Investeringsforeninger,NO0010841596,Akkumulerende,STIGM.CO,CPH,https://finance.yahoo.com/quote/STIGM.CO/,realisations,aktieindkomst,yes,VP 2026: 1/A,https://info.skat.dk/data.aspx?oid=2460620,2026-02-01
Storebrand Global Plus A5,Investeringsforeninger,NO0010841604,Akkumulerende,STIGP.CO,CPH,https://finance.yahoo.com/quote/STIGP.CO/,realisations,aktieindkomst,yes,VP 2026: 1/A,https://info.skat.dk/data.aspx?oid=2460620,2026-02-01
Storebrand Global Solutions A5,Investeringsforeninger,NO0010841612,Akkumulerende,STIGS.CO,CPH,https://finance.yahoo.com/quote/STIGS.CO/,realisations,aktieindkomst,yes,VP 2026: 1/A,https://info.skat.dk/data.aspx?oid=2460620,2026-02-01
Storebrand Indeks - Alle Markeder A5,Investeringsforeninger,NO0010841588,Akkumulerende,STIIAM.CO,CPH,https://finance.yahoo.com/quote/STIIAM.CO/,realisations,aktieindkomst,yes,VP 2026: 1/A,https://info.skat.dk/data.aspx?oid=2460620,2026-02-01
Storebrand Indeks - Nye Markeder A5,Investeringsforeninger,NO0010841570,Akkumulerende,STIINM.CO,CPH,https://finance.yahoo.com/quote/STIINM.CO/,realisations,aktieindkomst,yes,VP 2026: 1/A,https://info.skat.dk/data.aspx?oid=2460620,2026-02-01
Sydinv Indeks GloAktLavRisk KL,Investeringsforeninger,DK0061281490,Distribuerende,SYIIGALRKL.CO,CPH,https://finance.yahoo.com/quote/SYIIGALRKL.CO/,lager,aktieindkomst,yes,ABIS 2026,https://skat.dk/media/euzdrcqh/august-2026-abis-liste-2021-2026.xlsx,2026-08-28
Sydinvest Europa Trends A,Investeringsforeninger,DK0064196232,Distribuerende,SYIETA.CO,CPH,https://finance.yahoo.com/quote/SYIETA.CO/,realisations,aktieindkomst,yes,VP 2026: 1/A,https://info.skat.dk/data.aspx?oid=2460620,2026-02-01
Sydinvest Europa Value A DKK,Investeringsforeninger,DK0015323406,Distribuerende,SYIEUVADKK.CO,CPH,https://finance.yahoo.com/quote/SYIEUVADKK.CO/,realisations,aktieindkomst,yes,VP 2026: 1/A,https://info.skat.dk/data.aspx?oid=2460620,2026-02-01
Sydinvest Fjernøsten A DKK,Investeringsforeninger,DK0010169549,Distribuerende,SYIFJEADKK.CO,CPH,https://finance.yahoo.com/quote/SYIFJEADKK.CO/,realisations,aktieindkomst,yes,VP 2026: 1/A,https://info.skat.dk/data.aspx?oid=2460620,2026-02-01
Sydinvest Fjernøsten Akk,Investeringsforeninger,DK0060036994,Akkumulerende,SYIFJERADKKA.CO,CPH,https://finance.yahoo.com/quote/SYIFJERADKKA.CO/,lager,kapitalindkomst,no,VP 2026: 8/B,https://info.skat.dk/data.aspx?oid=2460620,2026-02-01
Sydinvest Fonde KL,Investeringsforeninger,DK0016271042,Distribuerende,SYIFONKL.CO,CPH,https://finance.yahoo.com/quote/SYIFONKL.CO/,realisations,kapitalindkomst,no,VP 2026: 1/O,https://info.skat.dk/data.aspx?oid=2460620,2026-02-01
Sydinvest Formue Obligationer A DKK,Investeringsforeninger,DK0061806981,Distribuerende,SYIFOADKK.CO,CPH,https://finance.yahoo.com/quote/SYIFOADKK.CO/,realisations,kapitalindkomst,no,VP 2026: 1/O,https://info.skat.dk/data.aspx?oid=2460620,2026-02-01
Sydinvest Global Value A DKK,Investeringsforeninger,DK0010101740,Distribuerende,SYIGLVADKK.CO,CPH,https://finance.yahoo.com/quote/SYIGLVADKK.CO/,realisations,aktieindkomst,yes,VP 2026: 1/A,https://info.skat.dk/data.aspx?oid=2460620,2026-02-01
Sydinvest Global Value A DKK Akk,Investeringsforeninger,DK0060669091,Akkumulerende,SYIGLVADKKAKK.CO,CPH,https://finance.yahoo.com/quote/SYIGLVADKKAKK.CO/,lager,kapitalindkomst,no,VP 2026: 8/B,https://info.skat.dk/data.aspx?oid=2460620,2026-02-01
Sydinvest Globale EM-Aktier A DKK,Investeringsforeninger,DK0060499663,Distribuerende,SYIGEAADKK.CO,CPH,https://finance.yahoo.com/quote/SYIGEAADKK.CO/,realisations,aktieindkomst,yes,VP 2026: 1/A,https://info.skat.dk/data.aspx?oid=2460620,2026-02-01
Sydinvest Globale EM-Aktier A DKK Akk,Investeringsforeninger,DK0060499747,Akkumulerende,SYIGEMAADKKA.CO,CPH,https://finance.yahoo.com/quote/SYIGEMAADKKA.CO/,lager,kapitalindkomst,no,VP 2026: 8/B,https://info.skat.dk/data.aspx?oid=2460620,2026-02-01
Sydinvest HøjrenteLande A DKK,Investeringsforeninger,DK0016231921,Distribuerende,SYIHRLADKK.CO,CPH,https://finance.yahoo.com/quote/SYIHRLADKK.CO/,realisations,kapitalindkomst,no,VP 2026: 1/O,https://info.skat.dk/data.aspx?oid=2460620,2026-02-01
Sydinvest Indeks Danmark A DKK,Investeringsforeninger,DK0061541232,Distribuerende,SYIIDKADKK.CO,CPH,https://finance.yahoo.com/quote/SYIIDKADKK.CO/,realisations,aktieindkomst,yes,VP 2026: 1/A,https://info.skat.dk/data.aspx?oid=2460620,2026-02-01
Sydinvest Indeks Morningstar Leaders KL,Investeringsforeninger,DK0061111572,Distribuerende,SYIIMSLKL.CO,CPH,https://finance.yahoo.com/quote/SYIIMSLKL.CO/,realisations,aktieindkomst,yes,VP 2026: 1/A,https://info.skat.dk/data.aspx?oid=2460620,2026-02-01
Sydinvest Indeks Tyskland A DKK,Investeringsforeninger,DK0060033116,Distribuerende,SYIITYADKK.CO,CPH,https://finance.yahoo.com/quote/SYIITYADKK.CO/,realisations,aktieindkomst,yes,VP 2026: 1/A,https://info.skat.dk/data.aspx?oid=2460620,2026-02-01
Sydinvest Korte Obligationer A DKK,Investeringsforeninger,DK0015916225,Distribuerende,SYIKOADKK.CO,CPH,https://finance.yahoo.com/quote/SYIKOADKK.CO/,realisations,kapitalindkomst,no,VP 2026: 1/O,https://info.skat.dk/data.aspx?oid=2460620,2026-02-01
Sydinvest Kvalitetsaktier A DKK,Investeringsforeninger,DK0061533643,Distribuerende,SYIKVAADKK.CO,CPH,https://finance.yahoo.com/quote/SYIKVAADKK.CO/,realisations,aktieindkomst,yes,VP 2026: 1/A,https://info.skat.dk/data.aspx?oid=2460620,2026-02-01
Sydinvest Megatrends Akk A,Investeringsforeninger,DK0062382891,Akkumulerende,SYIMEGADKKAKK.CO,CPH,https://finance.yahoo.com/quote/SYIMEGADKKAKK.CO/,lager,kapitalindkomst,no,VP 2026: 8/B,https://info.skat.dk/data.aspx?oid=2460620,2026-02-01
Sydinvest Megatrends Udb A,Investeringsforeninger,DK0062382628,Distribuerende,SYIMEGADKK.CO,CPH,https://finance.yahoo.com/quote/SYIMEGADKK.CO/,realisations,aktieindkomst,yes,VP 2026: 1/A,https://info.skat.dk/data.aspx?oid=2460620,2026-02-01
Sydinvest Mellemlange Obl A DKK Akk,Investeringsforeninger,DK0060585156,Akkumulerende,SYIMOADKKA.CO,CPH,https://finance.yahoo.com/quote/SYIMOADKKA.CO/,lager,kapitalindkomst,no,VP 2026: 8/O,https://info.skat.dk/data.aspx?oid=2460620,2026-02-01
Sydinvest Mellemlange Obligationer A DKK,Investeringsforeninger,DK0060585073,Distribuerende,SYIMOADKK.CO,CPH,https://finance.yahoo.com/quote/SYIMOADKK.CO/,realisations,kapitalindkomst,no,VP 2026: 1/O,https://info.skat.dk/data.aspx?oid=2460620,2026-02-01
Sydinvest USA Value A DKK,Investeringsforeninger,DK0010270776,Distribuerende,SYIUSAVADKK.CO,CPH,https://finance.yahoo.com/quote/SYIUSAVADKK.CO/,realisations,aktieindkomst,yes,VP 2026: 1/A,https://info.skat.dk/data.aspx?oid=2460620,2026-02-01
Sydinvest Virksomhedsobl HY A DKK,Investeringsforeninger,DK0016098825,Distribuerende,SYIVOHYADKK.CO,CPH,https://finance.yahoo.com/quote/SYIVOHYADKK.CO/,realisations,kapitalindkomst,no,VP 2026: 1/O,https://info.skat.dk/data.aspx?oid=2460620,2026-02-01
Sydinvest Virksomhedsobl HY A DKK Akk,Investeringsforeninger,DK0060089415,Akkumulerende,SYIVOHYADKKAK.CO,CPH,https://finance.yahoo.com/quote/SYIVOHYADKKAK.CO/,lager,kapitalindkomst,no,VP 2026: 8/O,https://info.skat.dk/data.aspx?oid=2460620,2026-02-01
Sydinvest Virksomhedsobl IG A DKK,Investeringsforeninger,DK0060409266,Distribuerende,SYIVIGADKK.CO,CPH,https://finance.yahoo.com/quote/SYIVIGADKK.CO/,realisations,kapitalindkomst,no,VP 2026: 1/O,https://info.skat.dk/data.aspx?oid=2460620,2026-02-01
"Techwave, kl n",Investeringsforeninger,DK0064421028,Distribuerende,PMITW.CO,CPH,https://finance.yahoo.com/quote/PMITW.CO/,realisations,aktieindkomst,yes,VP 2026: 1/A,https://info.skat.dk/data.aspx?oid=2460620,2026-02-01
ValueInvest Global A,Investeringsforeninger,DK0010246396,Distribuerende,VAIGLOA.CO,CPH,https://finance.yahoo.com/quote/VAIGLOA.CO/,realisations,aktieindkomst,yes,VP 2026: 1/A,https://info.skat.dk/data.aspx?oid=2460620,2026-02-01
ValueInvest Global Akk A,Investeringsforeninger,DK0060032498,Akkumulerende,VAIGAKA.CO,CPH,https://finance.yahoo.com/quote/VAIGAKA.CO/,lager,aktieindkomst,yes,ABIS 2026,https://skat.dk/media/euzdrcqh/august-2026-abis-liste-2021-2026.xlsx,2026-08-28
Wealth In HP InvLaDK OblAkk-KL,Investeringsforeninger,DK0060227239,Akkumulerende,WEIHPILDKOAKKKL.CO,CPH,https://finance.yahoo.com/quote/WEIHPILDKOAKKKL.CO/,lager,kapitalindkomst,no,VP 2026: 8/B,https://info.skat.dk/data.aspx?oid=2460620,2026-02-01
Wealth Inv HP InvGrønneOb KL A,Investeringsforeninger,DK0060118610,Distribuerende,WEIHPIGROBLKLA.CO,CPH,https://finance.yahoo.com/quote/WEIHPIGROBLKLA.CO/,realisations,kapitalindkomst,no,VP 2026: 1/O,https://info.skat.dk/data.aspx?oid=2460620,2026-02-01
Wealth Inv HP InvKoDK Realkrob,Investeringsforeninger,DK0061929205,Distribuerende,WEIHPIKDKRO.CO,CPH,https://finance.yahoo.com/quote/WEIHPIKDKRO.CO/,realisations,kapitalindkomst,no,VP 2026: 1/O,https://info.skat.dk/data.aspx?oid=2460620,2026-02-01
Wealth Inv Opti VerdIndx Mod,Investeringsforeninger,DK0060254712,Akkumulerende,WEIOVM.CO,CPH,https://finance.yahoo.com/quote/WEIOVM.CO/,lager,kapitalindkomst,no,VP 2026: 8/B,https://info.skat.dk/data.aspx?oid=2460620,2026-02-01
Wealth Inv OptiAct and Indx KL,Investeringsforeninger,DK0060674844,Akkumulerende,WEIOAI.CO,CPH,https://finance.yahoo.com/quote/WEIOAI.CO/,lager,aktieindkomst,yes,ABIS 2026,https://skat.dk/media/euzdrcqh/august-2026-abis-liste-2021-2026.xlsx,2026-08-28
Wealth Inv Othania AllokVERDEN,Investeringsforeninger,DK0061112034,Akkumulerende,WEIOAV.CO,CPH,https://finance.yahoo.com/quote/WEIOAV.CO/,lager,kapitalindkomst,no,VP 2026: 8/B,https://info.skat.dk/data.aspx?oid=2460620,2026-02-01
Wealth Invest AKL Afkast+ I,Investeringsforeninger,DK0061067220,Akkumulerende,WEKAFKI.CO,CPH,https://finance.yahoo.com/quote/WEKAFKI.CO/,lager,kapitalindkomst,no,VP 2026: 8/B,https://info.skat.dk/data.aspx?oid=2460620,2026-02-01
Wealth Invest AKL Othania Globale Aktier,Investeringsforeninger,DK0061806718,Akkumulerende,WEIOGA.CO,CPH,https://finance.yahoo.com/quote/WEIOGA.CO/,lager,aktieindkomst,yes,ABIS 2026,https://skat.dk/media/euzdrcqh/august-2026-abis-liste-2021-2026.xlsx,2026-08-28
Wealth Invest AKL Othania Stabil UCITS,Investeringsforeninger,DK0061801164,Akkumulerende,WEIOSU.CO,CPH,https://finance.yahoo.com/quote/WEIOSU.CO/,lager,kapitalindkomst,no,VP 2026: 8/B,https://info.skat.dk/data.aspx?oid=2460620,2026-02-01
Wealth Invest AKL SEB Balance Defensiv P,Investeringsforeninger,DK0010273523,Akkumulerende,WEISBD.CO,CPH,https://finance.yahoo.com/quote/WEISBD.CO/,lager,kapitalindkomst,no,VP 2026: 8/B,https://info.skat.dk/data.aspx?oid=2460620,2026-02-01
Wealth Invest AKL SEB Balance Vækst P,Investeringsforeninger,DK0010273796,Akkumulerende,WEISBV.CO,CPH,https://finance.yahoo.com/quote/WEISBV.CO/,lager,aktieindkomst,yes,ABIS 2026,https://skat.dk/media/euzdrcqh/august-2026-abis-liste-2021-2026.xlsx,2026-08-28
Wealth Invest AKL SEB Danske Akt Akk P,Investeringsforeninger,DK0060059186,Akkumulerende,WEISDAA.CO,CPH,https://finance.yahoo.com/quote/WEISDAA.CO/,lager,kapitalindkomst,no,VP 2026: 8/B,https://info.skat.dk/data.aspx?oid=2460620,2026-02-01
Wealth Invest AKL SEB Danske Aktier P,Investeringsforeninger,DK0010260629,Distribuerende,WEISDA.CO,CPH,https://finance.yahoo.com/quote/WEISDA.CO/,realisations,aktieindkomst,yes,VP 2026: 1/A,https://info.skat.dk/data.aspx?oid=2460620,2026-02-01
Wealth Invest AKL SEB Europa Small Cap P,Investeringsforeninger,DK0016283211,Distribuerende,WEISESCA.CO,CPH,https://finance.yahoo.com/quote/WEISESCA.CO/,realisations,aktieindkomst,yes,VP 2026: 1/A,https://info.skat.dk/data.aspx?oid=2460620,2026-02-01
Wealth Invest AKL St. Petri L/S I,Investeringsforeninger,DK0060952836,Akkumulerende,WEKSTPLSI.CO,CPH,https://finance.yahoo.com/quote/WEKSTPLSI.CO/,lager,kapitalindkomst,no,VP 2026: 8/B,https://info.skat.dk/data.aspx?oid=2460620,2026-02-01
Wealth Invest Aktiv Balance,Investeringsforeninger,DK0060575942,Akkumulerende,WEIAB.CO,CPH,https://finance.yahoo.com/quote/WEIAB.CO/,lager,aktieindkomst,yes,ABIS 2026,https://skat.dk/media/euzdrcqh/august-2026-abis-liste-2021-2026.xlsx,2026-08-28
Wealth Invest AlphaCura 0/50/100 W,Investeringsforeninger,DK0063856646,Akkumulerende,WEIACW.CO,CPH,https://finance.yahoo.com/quote/WEIACW.CO/,lager,kapitalindkomst,no,VP 2026: 8/B,https://info.skat.dk/data.aspx?oid=2460620,2026-02-01
Wealth Invest Amalie Global AK,Investeringsforeninger,DK0016111511,Akkumulerende,WEIAGA.CO,CPH,https://finance.yahoo.com/quote/WEIAGA.CO/,lager,aktieindkomst,yes,ABIS 2026,https://skat.dk/media/euzdrcqh/august-2026-abis-liste-2021-2026.xlsx,2026-08-28
Wealth Invest Coop Bank Balanceret,Investeringsforeninger,DK0060991578,Akkumulerende,WEICBB.CO,CPH,https://finance.yahoo.com/quote/WEICBB.CO/,lager,kapitalindkomst,no,VP 2026: 8/B,https://info.skat.dk/data.aspx?oid=2460620,2026-02-01
Wealth Invest Coop Bank Stabil,Investeringsforeninger,DK0060991495,Akkumulerende,WEICBS.CO,CPH,https://finance.yahoo.com/quote/WEICBS.CO/,lager,kapitalindkomst,no,VP 2026: 8/B,https://info.skat.dk/data.aspx?oid=2460620,2026-02-01
Wealth Invest Coop Bank Vækst,Investeringsforeninger,DK0060991651,Akkumulerende,WEICBV.CO,CPH,https://finance.yahoo.com/quote/WEICBV.CO/,lager,aktieindkomst,yes,ABIS 2026,https://skat.dk/media/euzdrcqh/august-2026-abis-liste-2021-2026.xlsx,2026-08-28
Wealth Invest HP Invest Lange DK Obl KL,Investeringsforeninger,DK0060141786,Distribuerende,WEIHPILDKOBLKL.CO,CPH,https://finance.yahoo.com/quote/WEIHPILDKOBLKL.CO/,realisations,kapitalindkomst,no,VP 2026: 1/O,https://info.skat.dk/data.aspx?oid=2460620,2026-02-01
Wealth Invest I&T Glob Akt ESG Select,Investeringsforeninger,DK0061276573,Distribuerende,WEIITGESGS.CO,CPH,https://finance.yahoo.com/quote/WEIITGESGS.CO/,realisations,aktieindkomst,yes,VP 2026: 1/A,https://info.skat.dk/data.aspx?oid=2460620,2026-02-01
Wealth Invest Linde & Partners Div. Fond,Investeringsforeninger,DK0060660389,Distribuerende,WEILPDF.CO,CPH,https://finance.yahoo.com/quote/WEILPDF.CO/,realisations,aktieindkomst,yes,VP 2026: 1/A,https://info.skat.dk/data.aspx?oid=2460620,2026-02-01
Wealth Invest Linde&Partners Gl Val Fond,Investeringsforeninger,DK0060660462,Akkumulerende,WEILPGVF.CO,CPH,https://finance.yahoo.com/quote/WEILPGVF.CO/,lager,kapitalindkomst,no,VP 2026: 8/B,https://info.skat.dk/data.aspx?oid=2460620,2026-02-01
Wealth Invest Optimal Mix KL,Investeringsforeninger,DK0060518983,Akkumulerende,WEIOM.CO,CPH,https://finance.yahoo.com/quote/WEIOM.CO/,lager,kapitalindkomst,no,VP 2026: 8/B,https://info.skat.dk/data.aspx?oid=2460620,2026-02-01
Wealth Invest Optimal Offensiv KL,Investeringsforeninger,DK0060946192,Akkumulerende,WEIOOF.CO,CPH,https://finance.yahoo.com/quote/WEIOOF.CO/,lager,aktieindkomst,yes,ABIS 2026,https://skat.dk/media/euzdrcqh/august-2026-abis-liste-2021-2026.xlsx,2026-08-28
Wealth Invest Optimal Stabil,Investeringsforeninger,DK0060518710,Akkumulerende,WEIOS.CO,CPH,https://finance.yahoo.com/quote/WEIOS.CO/,lager,kapitalindkomst,no,VP 2026: 8/B,https://info.skat.dk/data.aspx?oid=2460620,2026-02-01
Wealth Invest SEB Lange Obligationer,Investeringsforeninger,DK0060046951,Distribuerende,WEISLO.CO,CPH,https://finance.yahoo.com/quote/WEISLO.CO/,realisations,kapitalindkomst,no,VP 2026: 1/O,https://info.skat.dk/data.aspx?oid=2460620,2026-02-01
Wealth Invest Secure Market Power,Investeringsforeninger,DK0061148731,Distribuerende,WEISMP.CO,CPH,https://finance.yahoo.com/quote/WEISMP.CO/,realisations,aktieindkomst,yes,VP 2026: 1/A,https://info.skat.dk/data.aspx?oid=2460620,2026-02-01
Wealth Invest Secure Select Aktier,Investeringsforeninger,DK0061553401,Distribuerende,WEISSA.CO,CPH,https://finance.yahoo.com/quote/WEISSA.CO/,realisations,aktieindkomst,yes,VP 2026: 1/A,https://info.skat.dk/data.aspx?oid=2460620,2026-02-01
Wealth Invest Strategi Aktier,Investeringsforeninger,DK0060308310,Distribuerende,WEISTA.CO,CPH,https://finance.yahoo.com/quote/WEISTA.CO/,realisations,aktieindkomst,yes,VP 2026: 1/A,https://info.skat.dk/data.aspx?oid=2460620,2026-02-01
Wealth Invest Strategi Alternativer,Investeringsforeninger,DK0060885978,Akkumulerende,WEISA.CO,CPH,https://finance.yahoo.com/quote/WEISA.CO/,lager,kapitalindkomst,no,VP 2026: 8/B,https://info.skat.dk/data.aspx?oid=2460620,2026-02-01
Wealth Invest Strategi Stabil,Investeringsforeninger,DK0060308583,Distribuerende,WEISTS.CO,CPH,https://finance.yahoo.com/quote/WEISTS.CO/,realisations,kapitalindkomst,no,VP 2026: 1/B,https://info.skat.dk/data.aspx?oid=2460620,2026-02-01
